Mufutau,16,6,5,47,121,94
Fritz,17,4,4,49,158,97
Henry,17,7,6,48,149,91
Jarrod,13,5,4,50,144,95
Levi,16,7,4,50,132,91
Stephen,18,6,5,57,144,90
Abraham,15,7,6,40,153,89
Abbot,14,4,4,54,150,95
Wayne,18,6,5,49,131,93
Shad,12,7,5,41,125,99
Orson,13,5,6,51,148,86
Honorato,14,8,6,50,144,96
Marsden,16,7,5,55,124,85
Marsden,17,5,6,48,143,100
Cruz,17,7,5,54,132,99
Denton,17,7,4,47,123,88
Maxwell,13,5,6,43,124,89
Raymond,15,6,4,56,136,87
Vaughan,18,8,5,50,144,97
Kane,14,6,4,41,155,98
James,14,4,6,44,143,96
Amir,18,5,5,45,153,90
Axel,13,7,4,43,154,97
Kelly,12,4,4,45,130,85
Hamish,17,6,6,45,156,90
Daniel,13,4,6,48,131,89
Micah,15,6,6,54,121,87
Brian,12,5,4,53,134,98
Colin,18,6,5,41,134,90
Porter,17,5,6,50,137,93
Ulric,13,7,6,40,121,86
Armand,14,5,6,50,143,86
Rogan,14,7,4,57,120,93
Vaughan,14,7,4,45,145,86
Gage,14,5,5,60,129,93
Connor,16,4,6,52,130,95
Wing,16,7,4,50,136,92
Steel,17,6,4,58,126,92
Louis,13,8,6,53,156,85
Vincent,16,8,4,47,156,92
Chaim,16,7,6,59,160,85
Alvin,15,6,5,54,126,98
Brent,18,7,4,54,131,96
Elijah,12,6,6,53,140,95
Xanthus,13,4,4,40,147,85
Hunter,15,6,6,51,148,93
Moses,12,5,5,60,141,99
Dieter,17,7,5,43,122,90
Amery,14,6,6,57,124,96
Gage,12,4,6,47,159,100
Xanthus,18,5,6,56,120,88
Oliver,14,5,4,52,141,96
Talon,14,8,6,52,153,85
Nathan,12,7,5,44,146,87
Yasir,15,4,5,46,123,97
Armand,14,7,5,59,145,94
John,17,6,5,40,139,92
Eric,17,5,5,43,135,100
Quinlan,18,8,5,42,152,96
Kirk,18,6,4,50,120,97
Austin,15,7,4,60,148,98
Fitzgerald,17,6,6,53,138,90
Xenos,16,8,6,57,146,97
Nicholas,16,8,4,48,144,95
Austin,13,8,4,55,128,94
Sebastian,12,4,6,43,133,95
Wing,15,4,5,44,120,89
Quamar,17,5,6,54,152,85
Keefe,12,6,6,40,139,88
Kirk,18,7,5,55,127,97
Vladimir,17,6,6,40,142,99
Philip,17,4,5,42,139,97
Caesar,15,4,4,53,150,89
George,15,7,4,53,151,85
Alden,16,6,6,46,141,87
Tate,13,5,5,50,130,95
Melvin,15,4,4,44,144,94
Lewis,14,7,4,51,134,85
Chancellor,15,4,4,40,156,94
Kuame,14,6,4,41,159,94
Tucker,13,6,6,58,131,89
Malik,17,7,5,47,145,89
Keaton,16,7,4,55,142,96
Kane,13,7,4,59,140,86
Jerome,13,8,4,51,124,95
Igor,18,7,5,40,134,97
Cadman,12,4,4,55,135,94
Quentin,16,4,6,43,142,88
Elliott,15,6,5,55,159,90
Kane,18,5,6,57,148,94
Philip,17,6,5,45,145,100
Tobias,18,8,6,43,122,91
Chase,15,6,6,55,120,92
Hayes,14,5,4,48,133,97
Asher,14,4,6,41,145,98
Brian,14,5,5,46,125,95
Cody,18,4,6,40,146,87
Walker,16,8,5,50,135,90
Melvin,12,4,6,47,129,98
Benjamin,16,11,1,41,142,95
Hashim,14,9,1,54,158,89
Connor,12,10,1,40,135,98
Prescott,14,9,1,40,149,96
Lane,15,9,2,57,155,90
Rogan,13,10,2,60,157,96
Michael,12,9,1,49,136,89
Kyle,16,10,3,42,128,98
Alden,12,11,2,57,138,89
Lee,18,13,1,43,135,85
Malik,14,9,2,53,157,93
Bruno,16,9,2,60,126,97
Roth,14,13,3,41,149,95
Garrison,15,10,2,47,132,87
Lamar,16,9,1,45,125,86
Xander,15,13,3,50,149,92
Josiah,13,9,2,54,133,94
Deacon,17,10,2,45,141,93
Herman,12,12,2,53,128,85
Devin,12,10,3,54,152,93
Steven,13,10,1,59,137,92
Lev,14,9,1,43,157,94
Melvin,12,11,1,51,129,88
Reuben,12,12,2,46,147,86
Cody,12,12,1,50,134,96
Murphy,14,12,3,56,120,86
Armand,18,13,2,45,155,90
Xander,15,12,2,43,139,87
Howard,13,11,2,59,133,98
Burke,14,11,1,41,153,98
Lucian,13,12,3,51,125,86
Bert,16,9,2,55,157,90
Garrett,15,10,1,47,122,98
Omar,18,10,2,51,160,100
Gary,16,12,1,42,148,94
Hyatt,14,10,1,41,147,96
Davis,12,10,2,60,149,97
Quamar,16,10,2,60,126,100
Wang,12,13,1,53,133,90
Aaron,13,13,2,51,123,90
Shad,17,11,2,53,156,95
Hyatt,12,12,3,49,131,91
Norman,15,9,2,50,149,95
Dante,12,11,3,57,149,86
Gray,15,9,2,54,133,91
Cruz,17,10,2,46,148,87
Jermaine,16,13,1,55,129,92
Simon,14,10,1,51,130,96
Quinn,15,10,2,42,140,99
Cooper,18,12,2,46,160,93
Castor,16,12,1,51,156,96
Jackson,18,11,3,51,135,95
Carl,12,11,3,55,134,85
Otto,14,10,2,55,129,99
Len,17,13,3,44,157,97
Ross,16,11,2,42,151,100
Elmo,18,9,1,48,140,96
Thomas,17,13,2,57,139,98
Callum,12,13,3,49,147,97
Ralph,16,12,3,46,148,88
Henry,13,10,3,42,122,100
Mannix,15,12,2,55,143,87
Joseph,16,11,1,41,135,95
Raphael,15,12,1,43,149,85
Noble,14,9,3,41,121,95
Jamal,16,11,1,56,134,95
Felix,13,9,3,46,130,98
Tobias,15,13,3,60,150,93
Kamal,18,9,3,59,137,86
Plato,16,11,3,58,123,95
Alfonso,14,10,2,40,144,88
Bert,16,10,3,43,123,89
Jerry,15,12,2,52,130,92
Isaiah,15,10,2,55,136,99
Acton,15,11,2,53,158,87
Elliott,17,9,2,43,130,98
Kane,18,12,3,57,147,87
Zachary,14,9,2,57,126,85
Ezra,14,9,2,59,138,95
Xenos,17,9,3,50,136,99
Ethan,14,13,3,51,130,88
Kaseem,16,13,2,41,132,93
Warren,12,10,2,46,133,88
Chase,12,10,2,49,158,91
Hedley,14,10,1,52,126,99
Rigel,17,9,2,42,142,90
Merritt,17,11,1,59,142,97
Ali,15,11,2,44,122,90
Lev,16,9,1,49,136,86
Dante,17,10,2,43,148,88
Hoyt,12,13,1,57,156,92
Dalton,12,13,2,44,158,97
Stone,17,9,1,50,151,99
Noble,17,9,2,45,126,94
Emerson,15,9,1,42,158,98
Kyle,16,12,3,48,143,98
Dieter,12,9,2,42,154,91
Chandler,13,10,1,43,127,89
Hamilton,18,9,2,42,134,90
Blaze,24,2,2,90,197,88
Maxwell,32,3,2,85,194,89
Xander,18,2,1,88,199,94
Neville,19,2,3,87,197,98
Kaseem,34,3,3,86,184,88
Jonas,34,1,2,85,180,94
Nissim,22,3,3,88,180,95
Mark,34,3,3,89,198,95
Reece,20,3,3,88,181,97
Eaton,23,1,1,88,189,93
Rashad,32,1,3,91,197,97
Leroy,31,3,1,94,185,87
Barry,27,2,2,87,191,88
Avram,32,1,2,87,186,85
Driscoll,33,2,2,87,192,86
Perry,21,2,1,95,189,87
Trevor,24,3,1,91,185,93
Tyrone,29,2,2,94,190,86
Xenos,34,2,2,93,190,86
Evan,23,3,3,95,192,90
Bruno,22,1,3,91,189,100
Gareth,33,2,1,86,197,88
Kareem,19,2,1,93,194,88
Brent,22,1,1,93,191,87
Castor,35,1,2,94,189,97
Paki,24,3,1,93,199,95
Galvin,21,1,1,93,182,95
Hammett,26,1,3,94,196,92
Benjamin,19,1,1,91,198,97
Yardley,27,3,2,87,187,94
Marvin,22,1,3,85,181,95
Brady,28,2,1,94,197,95
Cade,29,2,3,93,180,91
Carl,23,3,2,91,197,93
Brennan,24,2,3,91,183,95
Dustin,18,3,1,94,199,89
Callum,28,2,3,89,194,87
Noah,23,1,2,94,188,94
Kato,32,2,1,92,189,94
Vaughan,24,1,2,89,195,90
Paki,28,3,1,91,197,95
Kibo,35,1,1,88,189,96
Joel,19,1,1,89,191,85
Lev,22,1,1,95,185,89
Herman,29,1,1,88,180,87
Emery,27,3,3,92,180,97
Lance,22,1,3,91,187,97
Isaiah,33,2,2,95,181,98
Nash,27,2,3,85,183,99
Zeph,22,2,2,92,188,88
Perry,30,1,2,85,191,87
Walker,21,1,1,89,181,93
Wing,31,1,3,85,180,96
Judah,31,3,3,85,195,88
Colby,24,3,1,92,198,94
Joseph,21,3,3,93,191,88
Harrison,32,3,3,95,184,92
Colby,24,1,1,86,187,95
Amos,30,3,2,89,181,90
Zephania,30,3,2,92,190,99
Dane,24,3,2,94,193,86
Damon,29,3,2,87,199,89
Edward,22,3,3,85,183,91
Ian,30,1,3,89,196,87
Joel,26,3,3,92,187,100
Tiger,21,1,2,91,200,85
Eagan,25,3,3,94,180,99
George,28,1,3,91,185,89
Leo,25,3,1,87,200,88
Vernon,28,1,3,95,184,96
Jesse,23,3,1,86,183,93
Burton,23,2,3,91,193,95
Channing,27,2,2,87,187,92
Branden,22,1,3,85,199,100
Damon,30,1,2,92,190,88
Scott,31,1,1,87,189,96
Abbot,23,2,2,91,198,94
Alan,21,1,3,94,182,100
Buckminster,23,3,1,88,188,90
Jerry,27,3,2,86,198,93
Forrest,27,2,3,86,182,94
Jack,28,3,1,95,200,95
Ivan,23,2,2,89,184,94
Colt,27,2,2,85,182,94
Quamar,18,3,3,95,195,96
Wayne,25,2,3,88,183,89
Sean,31,1,2,91,200,93
Raphael,28,3,1,94,182,100
Berk,20,3,1,90,187,91
Quinn,23,2,3,92,198,98
Brenden,22,1,2,86,189,96
Tobias,32,3,2,93,181,90
Howard,19,2,3,92,184,93
Jin,26,2,1,93,185,86
Hyatt,25,3,3,87,198,96
Lane,35,1,2,89,192,89
Theodore,35,2,3,95,191,96
Ciaran,32,2,3,92,185,85
Alvin,24,2,1,95,180,97
Kuame,13,1,4,47,121,95
Henry,17,1,4,55,148,93
Hamilton,14,1,5,56,121,92
Abel,18,2,4,55,143,94
Warren,13,1,6,59,143,94
Keane,12,2,5,47,136,98
Uriah,16,1,4,58,137,91
Vincent,12,1,6,51,140,97
Davis,12,1,4,58,130,98
Reed,13,1,6,53,142,95
Kelly,14,1,4,41,142,96
Hyatt,14,3,5,47,134,100
Zeph,18,3,4,56,134,96
Nash,13,1,4,42,149,97
Lawrence,14,1,5,53,132,92
Howard,16,3,6,44,138,92
Xenos,17,3,5,41,150,95
Levi,18,2,4,42,150,98
Nasim,17,1,4,58,138,87
Amery,14,2,5,45,150,99
Erasmus,12,3,4,56,156,92
Roth,17,3,5,42,154,86
Hall,12,3,6,60,129,90
Cole,14,3,5,52,127,97
Evan,13,2,4,43,136,94
Clinton,16,2,5,40,158,88
Bernard,14,1,5,44,129,96
Beck,12,2,4,46,137,89
Keaton,17,2,6,59,160,94
Austin,13,3,6,42,152,97
Ezekiel,18,2,6,52,124,94
Allen,12,2,5,54,131,95
Connor,18,3,5,49,138,85
Neil,12,2,5,50,136,92
Jerry,13,2,5,41,135,91
Thomas,13,2,5,48,133,97
Oliver,15,3,4,60,136,90
Bernard,16,1,6,56,127,96
Elvis,18,3,5,44,158,90
Harlan,17,3,4,49,158,89
Reuben,13,3,4,57,133,86
Raymond,13,2,4,46,131,92
Stuart,16,3,5,50,159,100
Merrill,12,3,4,52,147,91
Brendan,15,2,5,53,155,88
Wang,12,3,6,53,145,91
Steel,12,2,5,49,137,100
Griffith,18,1,4,55,139,90
Anthony,13,3,4,60,126,95
Daquan,12,3,5,52,146,100
Reed,18,1,5,57,146,99
Hop,16,2,6,49,145,88
Uriah,15,3,4,47,143,100
Thomas,14,2,6,59,160,95
Acton,13,2,5,44,131,93
Alfonso,13,2,5,45,160,96
Uriah,17,2,4,59,142,87
Arthur,15,1,6,57,156,99
Jordan,17,1,4,55,147,86
Erasmus,15,1,6,56,150,100
Leonard,16,1,6,59,142,96
Camden,13,2,6,42,127,99
Kadeem,13,3,4,51,124,88
Octavius,16,3,4,51,144,88
Kane,12,2,5,58,146,96
Oleg,15,1,4,40,144,93
Oliver,15,1,5,48,121,90
Kadeem,13,2,5,43,132,98
Rogan,14,1,4,58,125,97
Julian,14,1,4,54,135,92
Edan,16,2,5,58,120,88
John,16,2,6,52,148,90
Ferris,17,2,5,57,149,87
Mason,18,3,6,55,125,95
Kato,18,3,5,48,147,88
Fulton,17,1,6,57,156,96
Ishmael,18,3,4,49,148,89
Michael,18,2,5,45,156,95
Cameron,15,2,6,41,141,98
Geoffrey,17,1,5,55,159,94
Sylvester,18,2,4,46,130,94
Silas,18,2,6,41,124,85
Holmes,14,2,5,50,122,85
Castor,13,2,5,43,128,88
Zachery,14,2,5,50,136,86
Christian,16,1,5,54,124,93
Len,14,3,6,54,141,95
Caesar,15,1,6,43,155,93
Kasimir,17,2,4,54,121,88
Chadwick,16,1,5,49,144,86
Raymond,17,2,5,58,128,97
Carson,17,1,6,43,148,89
Armando,13,1,5,57,140,91
Walter,17,1,4,44,160,91
Nathaniel,13,2,4,43,122,100
Ciaran,15,2,5,44,121,85
Geoffrey,16,3,4,46,123,92
Prescott,12,3,6,48,159,91
Brian,18,1,6,55,151,95
Cairo,18,13,6,58,120,98
Nash,14,11,6,52,158,85
Lev,12,10,4,51,148,99
Dorian,17,13,5,41,126,87
Sebastian,14,10,5,50,157,87
Edward,12,12,5,52,136,92
Callum,18,10,4,47,150,97
Xander,16,9,4,41,138,94
Preston,18,10,4,41,159,92
Tad,16,11,4,56,156,100
Quamar,13,11,6,51,121,99
Ivan,15,11,6,58,154,100
Jermaine,16,9,5,54,121,97
Jonah,12,10,6,43,135,98
Paki,15,11,6,44,133,98
Hunter,17,11,6,48,145,99
Brandon,15,13,6,58,140,86
Vincent,15,13,4,48,151,94
Perry,17,13,4,51,149,89
Dominic,16,10,6,59,134,90
Jack,14,13,6,54,157,96
Moses,16,13,6,53,140,91
Camden,13,11,5,51,121,100
Curran,17,10,6,40,123,100
Ethan,14,13,6,40,144,92
Bruno,18,12,4,60,126,87
Abdul,16,9,6,40,143,94
Derek,18,9,4,59,126,96
Garth,16,10,5,46,143,100
Lucian,16,11,5,54,127,100
Neville,18,12,6,45,152,98
Chase,13,11,6,46,125,91
Michael,17,9,4,45,126,92
Brennan,12,9,4,58,128,85
Jerry,12,13,6,59,159,93
Felix,18,9,4,56,154,89
Mohammad,16,10,5,49,157,94
Mason,16,13,4,48,138,89
Knox,16,11,4,54,156,95
Phillip,17,11,5,41,156,85
Ronan,13,10,5,46,140,96
Josiah,17,11,5,59,125,86
Emerson,12,10,6,53,151,91
Duncan,15,11,4,45,120,98
Elliott,12,11,4,57,125,88
Chase,12,11,4,57,146,93
Cadman,16,12,4,47,137,100
Judah,18,9,6,47,121,88
Robert,17,10,4,40,151,97
Roth,14,9,4,55,128,85
Yoshio,14,13,4,60,150,97
Barrett,12,10,4,40,158,96
Tanek,12,10,6,43,158,85
Brenden,18,12,5,42,127,99
Lyle,17,13,4,60,147,87
Price,18,12,5,44,130,92
Howard,13,11,6,40,159,89
Jerry,17,9,4,59,138,97
Ira,16,9,5,48,151,87
Cole,17,11,6,52,143,96
Jerome,18,12,6,52,147,87
Robert,16,9,5,51,131,100
James,16,11,4,54,135,96
Daquan,13,12,5,54,144,87
Reese,12,11,5,58,131,91
Jelani,16,12,4,40,149,90
Ronan,13,11,4,58,133,89
Nissim,17,11,5,41,148,86
Mohammad,17,10,6,49,150,100
Abraham,15,12,5,56,150,85
Upton,16,12,4,56,145,95
Jesse,13,11,4,42,131,93
Tucker,12,9,6,52,159,86
Lee,14,13,4,47,150,97
Zahir,15,12,6,59,122,90
Harding,14,10,4,45,151,87
Dorian,16,11,4,51,146,90
Forrest,16,10,5,51,154,86
Russell,15,13,6,52,146,95
Callum,18,12,4,60,128,87
Allen,18,11,5,52,143,96
Kenyon,16,12,4,59,154,86
Lamar,14,12,5,59,128,98
Leo,16,11,5,46,131,98
Amery,18,12,4,53,139,96
Lionel,13,13,5,41,123,96
Kareem,12,13,4,42,143,94
Nigel,14,12,6,44,132,87
Dustin,14,13,4,56,146,99
Xavier,15,13,4,42,128,85
Yuli,13,10,4,56,159,96
Boris,13,12,6,54,128,99
Avram,14,12,6,41,156,89
Derek,14,12,4,56,125,94
Fuller,13,13,6,50,154,86
Kirk,14,13,4,40,155,99
Nathaniel,12,12,6,51,120,94
Fitzgerald,16,11,6,46,157,87
Uriel,14,10,5,50,120,94
Hoyt,18,3,1,50,135,87
Samuel,12,2,1,40,137,93
Francis,13,1,1,48,137,92
Ray,17,2,2,47,150,90
Robert,12,3,1,58,145,97
Holmes,15,3,3,44,158,91
Griffin,18,1,2,49,130,94
Dylan,15,2,3,52,154,85
Perry,16,2,1,44,122,98
Nigel,12,3,2,56,141,92
Jared,12,1,2,44,151,87
Hunter,15,1,1,47,121,97
Dillon,15,1,2,45,147,93
Stephen,15,2,1,58,134,88
Hunter,16,1,2,43,123,91
Shad,14,2,3,55,156,100
Julian,12,1,1,59,154,95
Salvador,14,3,2,50,148,86
Cody,12,3,3,45,126,92
Abraham,12,1,3,45,147,93
Stuart,16,3,1,59,122,100
Caesar,12,3,2,52,151,98
Jacob,16,2,2,57,120,93
Fletcher,16,2,1,53,156,92
Samson,12,2,3,60,152,89
Hakeem,14,3,3,50,148,96
Zephania,15,3,1,46,159,95
Prescott,13,1,1,56,126,88
Kennedy,13,2,2,51,128,96
Hall,17,3,1,47,145,89
Nash,15,2,3,53,133,95
Theodore,15,3,2,58,124,98
Evan,12,1,1,58,150,93
Wang,15,2,1,49,155,94
Paul,17,3,1,57,135,89
Addison,14,1,3,42,144,90
Herrod,16,2,2,40,151,95
Zephania,12,1,1,58,141,90
Bruno,18,2,1,43,154,93
Amery,17,1,3,53,156,86
Scott,16,3,3,52,130,100
Walker,18,3,2,54,123,88
Murphy,17,2,3,56,140,99
Ezekiel,13,2,1,46,160,85
Armand,16,3,1,53,126,92
Kirk,13,2,3,49,143,93
Cole,15,3,2,59,132,90
Marshall,15,3,2,47,157,95
Sawyer,12,2,1,60,131,96
Bernard,16,1,3,46,125,87
Wing,18,1,1,57,124,91
Beau,15,2,1,40,127,90
Driscoll,15,1,2,57,122,91
Brennan,14,1,2,49,156,85
Kadeem,14,1,1,55,133,92
Fulton,15,1,1,51,132,99
Yardley,15,1,3,46,133,87
Bernard,13,3,2,41,151,87
Nash,12,1,3,49,153,92
Matthew,17,1,2,44,134,90
Trevor,13,1,1,44,128,90
Leonard,16,2,3,55,124,87
Silas,14,1,1,40,134,95
Erich,16,3,3,53,139,90
Lars,16,2,3,43,144,93
Ahmed,12,1,3,41,156,85
Neil,17,1,2,50,124,85
Rahim,16,2,2,44,124,94
Charles,17,1,3,53,142,95
Trevor,12,3,1,57,126,88
Dean,16,2,1,48,133,86
Chester,12,3,1,41,152,93
Driscoll,16,1,3,55,143,97
Coby,14,1,1,48,123,91
Kyle,16,1,1,52,125,85
Amir,15,3,1,48,132,90
Ashton,15,1,3,55,154,85
Raphael,12,1,1,56,145,94
Grady,16,1,1,56,135,100
Lucius,17,3,3,52,146,99
Cooper,16,2,2,42,140,93
Jameson,13,2,2,53,158,99
Hyatt,16,2,1,51,128,98
Isaiah,17,1,2,58,149,87
Uriah,14,1,3,48,148,90
Jared,16,2,3,55,136,96
Ross,16,2,2,40,156,87
Edward,16,3,2,41,127,85
Chaim,14,2,1,56,150,90
Zachery,18,2,3,50,131,96
Armando,17,3,2,60,133,89
Ronan,15,2,3,58,123,100
Buckminster,13,3,1,51,147,93
Tad,17,3,2,52,141,96
Ivan,18,3,2,55,150,88
Cameron,17,3,3,51,139,93
Sebastian,14,2,1,40,144,98
Aladdin,12,3,2,48,121,87
Reese,16,3,1,50,121,89
Cullen,16,6,3,48,140,95
Hu,12,6,1,53,155,89
Brennan,17,8,2,46,146,85
Jameson,12,7,1,56,155,93
Abraham,16,5,1,51,129,93
Curran,14,8,2,42,143,97
Russell,12,4,2,60,158,93
Elliott,14,8,1,40,134,87
Jasper,14,7,3,51,134,98
Thomas,18,6,3,40,122,85
Eric,13,8,3,58,130,87
Acton,12,8,1,54,154,98
Craig,16,8,3,56,155,94
Ivan,13,6,2,45,135,88
Wallace,14,5,3,44,150,88
Erasmus,13,8,1,59,124,96
Abraham,18,5,3,57,124,98
Fuller,16,8,3,57,126,86
Vance,16,5,2,58,150,91
Solomon,12,4,1,50,156,90
Elvis,12,6,3,57,160,86
Finn,13,6,3,46,138,100
Lucius,17,5,1,51,153,86
Tate,13,4,3,42,134,86
Paul,13,7,1,46,160,97
Murphy,16,7,1,42,129,97
Leonard,16,7,1,57,133,86
Travis,16,7,1,60,157,91
Nicholas,17,4,1,44,143,100
Deacon,14,6,2,53,149,96
Arsenio,17,5,3,51,136,100
Quentin,18,6,1,45,122,87
Patrick,13,5,1,58,155,89
Benedict,14,5,3,57,136,95
Harlan,13,7,3,41,135,100
Ali,14,6,2,44,142,96
Ahmed,14,4,1,60,143,87
Xenos,13,8,2,47,152,96
Rafael,17,6,3,41,144,85
Steel,12,4,1,59,149,89
Talon,12,4,3,59,144,87
Theodore,17,5,3,46,138,87
Buckminster,15,8,2,47,129,98
Ryan,15,7,1,51,160,96
Theodore,15,4,2,54,140,100
Francis,15,4,1,52,134,87
Magee,16,6,3,43,125,96
Brody,15,4,2,47,145,93
Clark,15,6,2,48,158,85
Ashton,14,6,1,40,138,89
Keefe,16,4,2,52,129,93
Norman,16,8,1,58,146,90
Gavin,16,7,3,50,133,95
Vance,17,7,3,51,132,91
Giacomo,15,5,1,56,152,96
Emmanuel,15,8,2,51,142,98
Barrett,18,6,3,58,149,87
Vaughan,14,4,3,50,154,90
Todd,18,4,1,43,150,91
Hall,15,7,1,53,144,85
Micah,12,4,1,43,143,91
Noah,17,5,1,50,136,87
Caleb,15,6,1,56,159,86
Dean,15,4,1,47,145,91
Zahir,15,7,2,41,141,99
Hoyt,14,5,1,42,146,89
Tucker,13,5,2,40,139,87
Arsenio,16,8,1,59,125,94
Joseph,13,7,3,48,151,98
Zeph,16,8,3,58,139,88
Harlan,16,6,3,49,125,99
Merritt,15,5,2,41,149,88
Amos,17,6,2,42,132,97
Kennan,15,6,3,54,124,94
Darius,12,4,1,41,156,90
Tiger,13,5,3,52,144,88
Troy,17,7,1,45,122,98
Felix,13,7,3,42,160,86
Adrian,17,8,3,44,156,95
Grant,14,5,2,48,127,100
Luke,17,6,3,43,128,96
Ashton,15,8,2,46,140,100
Cameron,17,7,3,44,142,89
Giacomo,18,7,1,47,156,85
Rashad,17,8,3,55,153,100
David,16,5,3,56,150,88
Eric,15,7,3,41,122,98
Colorado,17,4,1,43,135,99
Kadeem,16,4,2,55,154,97
Allen,12,7,1,56,154,86
Slade,13,7,2,60,139,100
Vladimir,14,7,2,56,157,91
Philip,17,6,3,51,139,98
Gavin,14,7,2,53,141,94
Brock,14,4,2,54,132,87
Kasper,15,6,2,51,124,93
Calvin,15,6,3,51,134,98
Fulton,12,4,1,46,136,93
Amery,18,7,2,58,123,89
Gareth,19,1,2,79,191,87
Hamish,29,2,3,60,192,99
Driscoll,31,1,1,79,188,88
Guy,34,3,2,76,186,92
Chandler,20,3,1,81,195,90
Russell,20,1,3,83,187,89
Adrian,35,3,1,79,196,91
Beau,33,1,2,78,188,99
Austin,28,1,2,83,192,92
Chester,24,2,2,82,193,87
Simon,20,3,2,69,186,86
Buckminster,26,1,2,63,192,100
Darius,34,1,1,68,190,98
Xander,31,2,3,85,187,86
Seth,25,3,3,63,195,99
Dorian,22,2,2,76,193,92
Odysseus,20,3,1,83,199,99
Darius,20,3,1,80,199,95
Bruno,30,3,1,75,188,89
Curran,20,3,2,72,189,85
Malachi,33,3,1,60,193,88
Daquan,30,2,1,84,193,97
Scott,26,2,2,68,190,99
Edan,18,3,1,70,194,100
Caesar,21,3,2,83,195,86
Jonas,21,3,2,61,190,97
Kevin,21,1,2,84,193,85
Tanek,18,1,3,78,199,96
Tanner,35,2,1,63,188,94
Nehru,32,2,2,79,199,98
Emery,29,1,2,69,200,88
Dolan,27,2,1,85,191,88
Joshua,35,2,2,73,200,99
Oren,28,2,3,80,196,95
Gregory,22,1,2,78,197,86
Reed,18,3,3,85,198,86
Keaton,19,2,1,81,194,94
Philip,28,1,3,61,186,93
Brandon,32,1,2,80,194,89
Camden,28,2,1,78,195,94
Hyatt,24,3,1,85,198,86
Salvador,21,3,2,76,195,90
Ira,29,3,2,79,188,92
Roth,31,2,1,68,198,90
Tanek,27,2,2,82,186,85
Plato,25,1,1,64,198,100
Howard,19,3,2,80,195,97
Aladdin,35,2,1,62,198,99
Carlos,21,2,2,83,192,85
Jason,28,1,1,76,199,88
Gannon,30,3,1,62,189,96
Laith,25,2,1,68,199,91
Graham,26,2,1,67,189,87
Shad,34,3,1,82,190,92
Quamar,34,3,1,68,198,95
Xenos,34,1,3,81,190,100
Basil,24,3,1,60,200,95
Perry,25,3,3,83,198,95
Ezekiel,25,2,1,73,198,97
Ashton,26,2,2,60,200,95
Talon,20,1,3,84,196,88
Quamar,29,1,1,71,192,97
Hammett,24,1,1,76,200,89
Omar,33,3,2,67,199,100
Connor,22,3,2,84,196,93
Lamar,24,1,3,70,197,100
Matthew,22,3,2,81,191,85
Byron,22,1,1,72,196,91
Carl,28,2,2,71,197,91
Arsenio,18,2,2,62,194,85
Gannon,21,3,3,81,186,86
Beau,35,2,2,67,200,93
Nissim,26,2,2,60,192,96
Thor,30,1,2,76,194,87
Rahim,29,1,1,78,191,90
Arsenio,18,1,2,62,193,100
Malik,33,1,3,62,187,100
Mannix,23,1,1,75,191,85
Cruz,31,2,1,81,192,91
Chase,19,1,3,85,188,85
Samuel,29,3,3,62,198,85
Caesar,34,2,2,70,186,85
Lucius,20,3,1,83,187,87
Scott,29,1,3,66,195,91
Tiger,23,3,2,78,187,85
Dillon,33,2,3,84,192,90
Patrick,35,3,3,62,196,87
Cody,23,1,3,76,198,91
Emerson,34,1,2,64,190,100
Wylie,29,3,3,83,199,87
Macaulay,27,2,1,83,196,93
Castor,33,2,1,64,186,94
Jackson,29,2,3,83,191,93
Sebastian,34,1,3,75,197,92
Carlos,31,2,3,84,187,94
Cairo,18,2,1,76,193,89
Aquila,18,1,2,68,188,100
Valentine,21,3,1,82,192,89
Jamal,30,1,2,82,187,97
Ira,30,3,2,68,167,92
Cameron,22,2,1,65,165,87
Yoshio,20,1,2,67,166,85
Ulric,34,3,2,69,173,91
Prescott,21,1,3,72,170,97
Carson,21,2,1,69,176,91
Wylie,18,1,1,80,185,92
Kadeem,32,3,1,78,171,87
Mason,19,2,1,75,178,89
Quinn,35,2,2,68,176,92
Rafael,30,2,2,78,163,97
Plato,24,3,3,74,162,90
Vernon,19,3,1,66,184,90
Chase,26,2,3,70,161,91
Blake,21,2,2,67,160,94
Kelly,23,3,3,66,183,99
Vaughan,29,1,1,81,176,89
Rudyard,23,1,2,68,160,97
Ishmael,31,3,3,70,178,97
Omar,21,3,2,66,177,88
Leo,19,3,1,83,183,89
Hop,30,2,1,75,180,97
Cyrus,35,3,1,73,165,98
Myles,32,3,3,63,164,90
Yoshio,24,3,1,61,182,88
Seth,22,3,2,77,170,96
Rogan,22,2,2,71,168,93
Orlando,21,3,1,79,162,86
Joshua,20,1,3,67,167,91
Zeus,32,3,2,62,181,87
Ulric,21,1,2,73,182,90
Norman,32,3,1,64,181,97
Hu,31,3,1,76,168,93
Paki,18,1,2,85,174,93
Kieran,28,3,2,66,165,86
Cruz,19,3,1,67,185,98
Lyle,33,1,1,79,182,92
Sawyer,24,1,1,75,168,90
Orson,19,2,3,63,182,94
Tiger,35,1,2,67,168,98
Carlos,35,3,3,71,161,93
Nathan,31,1,2,72,165,90
Alec,25,1,1,76,181,92
Kenyon,25,2,1,80,162,92
Wyatt,30,1,2,82,160,97
Isaiah,24,2,3,74,168,99
Sawyer,34,3,3,73,162,90
Emerson,20,3,2,70,162,88
Griffin,33,1,1,67,176,90
Nash,21,1,3,61,170,86
Matthew,24,3,3,83,166,94
Alfonso,35,3,2,83,163,91
Dale,23,1,1,77,170,98
Walker,22,3,2,80,164,99
Evan,28,1,1,77,180,88
Lucius,33,2,1,81,167,89
Bruno,33,3,2,77,175,98
Kenneth,22,2,1,76,164,94
Edward,32,3,1,76,183,97
Wyatt,28,2,2,64,171,98
Jason,20,2,2,68,183,89
Lucas,21,3,2,75,185,90
Abbot,19,1,2,62,185,97
Edan,32,3,3,62,163,96
Gil,19,2,2,71,181,98
Jack,28,1,1,61,181,91
Kirk,33,3,2,71,169,98
Brennan,30,1,2,68,175,93
Griffith,28,3,3,67,160,87
Driscoll,33,1,2,60,164,92
Brody,31,1,2,71,173,91
Rogan,19,1,3,71,160,92
Plato,34,2,3,81,164,98
Vaughan,27,1,3,63,175,85
Patrick,25,3,1,80,169,85
Sawyer,31,2,1,76,163,97
Lucius,34,2,3,68,165,91
Amos,30,2,1,60,180,87
Demetrius,28,2,3,61,184,94
Kamal,29,2,1,73,185,88
Vincent,32,2,1,65,164,92
Cole,23,3,3,66,173,97
Caldwell,33,2,1,62,160,88
Raphael,35,1,3,65,162,90
Baxter,25,2,1,78,180,94
Fletcher,30,1,1,70,166,99
George,24,3,2,82,162,89
Alec,24,3,2,67,164,99
Jasper,33,1,2,82,162,85
Dennis,18,2,3,81,171,96
Ryder,19,2,2,79,168,99
Jason,22,3,3,62,164,95
Brady,20,2,1,73,173,97
Cullen,18,2,3,74,175,93
Jerry,20,2,3,64,163,100
Basil,22,1,2,65,162,97
Arthur,32,2,1,80,167,90
Marsden,27,2,1,61,180,93
Mohammad,34,3,2,85,185,85
Guy,33,7,13,89,182,90
Malachi,35,5,14,78,181,88
Quinlan,19,6,17,71,179,98
Vladimir,22,4,14,80,183,99
Blaze,22,5,13,74,181,89
Kadeem,19,5,16,70,170,92
Hoyt,25,4,17,90,168,96
Boris,23,5,18,89,176,87
Adrian,34,6,14,72,165,90
Orlando,29,7,14,73,178,98
Orlando,35,5,15,78,180,100
Norman,35,8,16,81,172,85
Holmes,23,5,14,83,173,89
Cairo,34,6,15,70,182,89
Sean,27,5,13,75,175,95
Colin,20,5,15,81,185,85
Zahir,29,8,13,81,165,85
Keaton,18,8,14,82,176,89
Ivor,22,6,20,83,181,100
Adam,30,5,13,80,174,95
Prescott,31,4,17,82,181,100
Perry,33,6,13,90,180,91
Davis,35,5,20,89,169,88
Zephania,25,8,15,80,165,88
Charles,18,4,14,78,166,98
Derek,31,5,20,70,180,97
Giacomo,24,7,19,79,176,92
Oliver,28,7,17,79,165,91
Edward,32,8,20,84,171,88
Paul,24,6,17,76,178,89
Lee,30,5,16,87,185,95
Jacob,34,4,17,87,165,98
Troy,21,8,18,76,183,99
Keith,21,8,13,82,185,91
Nathan,23,6,20,76,171,89
Rogan,29,6,13,72,169,95
Malik,23,7,18,78,170,88
Jakeem,26,4,13,79,180,91
Cooper,32,6,18,70,171,98
Hilel,31,4,19,82,185,92
Arden,26,8,13,89,180,100
Brendan,25,6,13,84,185,99
Tyler,22,4,15,82,172,90
Abel,19,6,20,70,175,87
Carlos,29,7,17,84,180,99
Patrick,35,8,17,76,165,99
Tobias,29,4,17,75,166,93
Amery,18,7,13,83,172,93
Holmes,20,5,19,70,167,97
Asher,27,4,16,74,171,91
Rahim,19,8,15,75,175,91
Chaney,33,7,15,80,175,91
Demetrius,33,4,15,71,182,96
Erich,33,6,19,72,182,99
Walker,22,7,13,79,177,97
Hayden,18,8,17,85,175,85
Tobias,27,5,15,79,173,94
Yoshio,21,4,13,88,180,98
Edward,20,6,20,80,169,94
Oliver,22,5,20,83,168,96
Felix,19,8,20,86,167,94
Bruce,30,5,15,88,167,88
Castor,26,7,18,76,165,86
Zephania,20,7,16,79,183,93
Tad,18,6,18,80,177,85
Kadeem,20,4,18,82,181,93
Clinton,18,4,14,86,172,100
Nolan,32,7,18,78,167,98
Lev,22,7,20,73,170,86
Hoyt,18,7,16,86,173,85
Drew,23,8,19,82,175,91
Wyatt,24,4,16,72,174,94
Axel,32,7,16,84,178,97
Edward,25,7,13,79,167,92
Walter,24,5,16,71,183,96
Justin,25,7,13,88,180,98
Guy,25,6,20,78,183,98
Ivan,20,8,15,86,170,94
Elton,29,5,16,82,171,92
Lane,34,4,17,71,182,86
Lance,22,7,18,79,167,97
Jacob,28,8,15,71,176,89
Joshua,28,4,13,73,178,92
Burton,20,7,15,83,172,92
Duncan,30,6,17,70,184,95
Dieter,29,5,17,76,185,89
Kelly,28,6,17,88,184,92
Barrett,28,8,17,79,175,86
Chaim,34,7,18,86,173,90
Cruz,27,5,19,78,176,88
Keane,25,4,16,70,172,96
Beck,28,8,15,74,172,88
Cooper,18,8,20,84,185,93
Kevin,26,6,13,79,167,87
Tobias,34,8,13,88,171,87
Lawrence,20,4,18,88,167,91
Prescott,32,6,15,81,179,88
Macaulay,32,7,18,75,167,85
Kuame,18,6,20,74,173,94
Clark,32,12,11,85,182,96
Akeem,29,12,15,74,180,87
Yoshio,25,10,18,79,172,91
Armando,32,10,10,70,166,89
Logan,32,9,14,77,181,88
Holmes,32,10,18,76,185,88
Price,18,11,19,90,173,88
Russell,29,10,15,71,174,100
Kennedy,26,11,16,78,176,88
Keegan,27,12,19,80,169,89
Kennedy,26,10,10,83,183,91
Chester,32,10,18,77,180,94
Ezra,34,10,18,89,178,92
Leroy,23,11,11,71,180,100
Kaseem,21,11,14,71,168,94
Ferdinand,20,10,18,71,172,99
Joseph,18,11,12,76,169,94
Malcolm,33,12,13,81,185,97
Coby,20,12,15,73,165,85
Jerome,34,11,18,90,181,94
Ezekiel,24,10,17,79,171,100
Keegan,30,10,11,89,167,94
Quamar,18,9,16,84,165,90
Carson,28,9,15,90,173,95
Timothy,20,12,13,73,175,88
Clayton,20,11,20,90,173,99
Yardley,18,9,15,70,177,95
Chandler,19,9,19,70,173,100
Akeem,32,9,10,87,169,90
Randall,19,12,11,88,166,98
Cruz,34,9,13,90,168,91
Leonard,18,11,16,86,177,98
Edward,28,11,18,71,165,94
Jared,34,12,17,88,167,85
Hayes,21,11,15,80,183,90
Griffin,29,10,13,85,171,90
Donovan,30,10,16,70,166,95
Howard,28,12,10,90,176,90
Beau,19,12,10,74,171,99
Devin,25,11,18,89,173,94
Zachery,32,11,19,84,165,94
Macaulay,24,11,17,89,168,93
Abel,26,10,20,77,184,88
Chester,29,11,14,85,169,87
Leroy,23,9,16,78,177,89
Yasir,28,10,13,78,177,91
Charles,35,12,11,78,184,95
Hamilton,31,12,17,83,168,93
Jeremy,20,10,20,71,176,93
Colby,26,11,10,87,181,89
Tiger,30,9,12,80,172,100
Hamilton,28,9,20,85,174,99
Yasir,26,9,16,87,175,99
Melvin,30,11,15,83,180,92
Nasim,21,12,10,90,177,96
Jackson,32,10,11,79,168,93
Keaton,25,10,11,70,168,86
Kadeem,26,11,18,74,176,86
Blaze,27,12,10,81,182,98
Walter,35,10,11,85,177,99
Macaulay,26,12,20,84,185,90
Hop,34,10,19,77,174,99
Peter,26,11,19,74,179,96
Marshall,27,12,14,85,183,85
Phillip,29,11,13,77,180,85
Boris,26,9,18,82,173,89
Ashton,19,9,16,78,175,93
Nicholas,25,9,11,89,184,91
Mannix,31,10,15,79,176,99
Craig,24,11,12,85,173,99
Gil,34,9,17,76,178,99
Chase,22,9,14,88,178,91
Salvador,31,12,14,88,176,99
Carl,23,11,12,75,185,92
Graiden,29,10,13,78,179,100
Neville,32,12,11,88,166,94
Carter,22,11,18,88,165,97
Seth,28,10,16,89,184,87
Boris,31,11,12,82,176,96
Magee,29,11,20,70,166,99
Marshall,22,9,11,82,170,86
Yoshio,30,11,14,78,180,90
Alec,25,9,15,72,169,89
Aladdin,22,11,17,85,165,86
Jermaine,23,11,13,82,169,93
Patrick,21,9,18,86,178,88
Gage,34,10,15,86,179,94
Alfonso,21,11,12,84,184,89
Rogan,31,12,10,89,177,87
Daniel,24,10,13,78,175,90
Ivor,23,12,16,77,173,100
Coby,30,10,15,76,172,85
Callum,29,10,11,90,179,97
Ralph,32,9,15,75,172,90
Paul,27,10,17,82,174,93
Maxwell,32,9,11,87,177,86
Louis,27,9,16,72,167,90
Daniel,18,10,14,81,168,87
Tanek,20,11,11,71,184,95
Omar,40,6,10,89,173,94
Harrison,40,8,11,76,184,85
Berk,45,8,12,87,172,89
Abel,40,7,13,87,184,88
Vaughan,38,8,12,82,180,86
Colin,41,9,13,78,178,91
Rogan,37,8,12,89,173,92
Reese,45,8,12,88,170,89
Blaze,38,9,13,76,184,88
Benedict,38,6,14,75,184,87
Richard,41,8,11,76,184,85
Lane,36,6,14,77,170,90
Hunter,37,9,12,78,182,93
Brady,40,7,15,83,167,93
Howard,41,7,11,82,166,94
Donovan,41,6,14,75,170,95
Elijah,35,6,11,81,167,92
Luke,37,6,11,84,172,91
Porter,42,9,13,88,176,91
Daquan,38,6,15,84,171,89
Baxter,44,8,15,86,166,90
Wesley,41,7,15,89,165,94
Kane,36,6,11,85,170,94
Erasmus,37,7,12,75,180,95
Colorado,41,8,13,90,179,94
Gannon,39,8,14,77,172,93
Kyle,43,9,14,79,180,93
Maxwell,39,7,15,81,180,91
Marvin,37,7,11,78,179,92
Lane,39,9,10,76,182,87
Alden,35,9,11,79,176,87
Harper,40,6,15,77,177,87
Ulric,43,8,12,86,185,93
Lewis,40,7,15,86,184,93
Dustin,41,6,12,79,184,89
Joseph,37,6,14,79,167,91
Colby,37,8,10,77,167,95
Raphael,41,6,13,79,179,90
Tiger,35,7,14,79,181,92
Simon,42,6,13,78,177,92
Prescott,35,6,11,76,173,93
Tanek,45,7,11,87,185,94
Akeem,39,9,15,90,166,87
Cameron,35,8,14,78,184,90
Tad,42,6,12,88,167,87
Abraham,38,7,13,85,177,91
Richard,39,9,15,87,185,95
Quinn,41,9,14,90,178,91
Brent,43,9,12,84,176,91
Merritt,39,7,13,85,180,89
Amal,36,7,10,82,170,86
Chester,35,8,11,80,172,88
Jordan,39,8,11,87,177,90
Walter,38,9,11,87,183,90
Clark,45,6,13,83,168,87
Devin,44,6,11,89,177,93
Salvador,38,7,15,81,185,94
Donovan,40,7,14,80,171,89
Octavius,36,6,13,85,182,85
Hamilton,41,7,11,89,176,86
Flynn,44,7,12,85,184,88
Oleg,45,6,14,78,176,93
Simon,41,9,11,90,171,93
Stone,45,9,10,81,169,91
Nathaniel,40,7,14,89,175,87
Fletcher,36,8,13,78,174,95
Beau,41,7,14,83,177,87
Jerome,37,9,14,87,184,92
Eric,45,9,14,80,169,94
Ahmed,39,9,11,83,169,87
Gabriel,39,9,12,87,177,85
Jakeem,40,9,11,76,177,92
Walter,45,9,12,87,174,93
Ethan,35,7,12,75,169,87
Amos,36,8,15,78,182,89
Vaughan,44,7,14,90,178,89
Dane,41,8,10,82,183,92
Ulric,40,8,15,76,168,94
Dorian,36,8,13,83,176,93
Brenden,43,8,11,76,185,87
Nehru,43,9,13,79,178,91
Tyler,37,9,13,78,167,89
Basil,39,7,13,78,178,91
Malcolm,44,8,10,77,166,88
Jerome,35,8,14,86,182,90
Basil,36,7,13,84,182,95
Phelan,39,8,10,82,183,95
Quentin,39,6,12,85,171,93
Abraham,42,6,13,81,185,86
Judah,45,6,12,88,165,87
Kadeem,36,9,13,79,173,88
Cody,45,7,14,78,165,92
Patrick,41,7,11,85,170,86
Keith,40,8,14,77,180,95
Amos,38,6,10,83,181,94
Tarik,45,7,12,88,182,93
Stewart,36,8,12,80,172,87
Nicholas,40,8,12,82,171,86
Tiger,44,8,10,79,185,89
Barclay,37,5,12,88,184,88
Thomas,40,4,13,72,171,85
Roth,40,4,14,90,174,90
Samson,42,5,9,78,177,94
Joseph,37,3,14,79,166,91
Rigel,43,6,14,76,183,90
Simon,35,4,11,81,182,95
Graiden,36,5,9,78,170,93
Jackson,41,5,11,86,181,86
Ferris,43,4,9,76,175,94
Jack,45,6,9,84,178,89
Orson,37,6,14,73,165,89
Isaac,36,5,12,90,178,94
Brett,40,4,9,71,165,90
Erasmus,42,3,11,78,169,87
Malcolm,44,4,12,78,168,87
Yoshio,36,4,9,89,176,88
Burton,45,6,12,89,173,93
Rogan,45,6,11,78,175,90
Dustin,41,3,10,76,165,85
Stone,40,5,13,72,170,91
Ryder,37,3,9,77,177,94
Brent,37,4,10,89,183,92
Fulton,35,5,9,87,171,95
Mufutau,42,5,13,74,168,92
Knox,39,5,14,87,179,89
Zeus,42,4,13,82,173,85
Emerson,40,6,13,73,180,85
Macaulay,36,6,13,87,175,92
Jared,42,4,13,74,166,92
Aaron,36,6,13,89,172,89
Louis,42,5,10,72,165,89
Barclay,43,5,12,75,175,92
Isaac,36,5,14,82,185,94
Kenyon,38,4,13,72,179,93
Damian,41,3,12,80,184,90
Hall,38,4,12,79,179,95
William,35,5,13,90,179,86
Blake,40,5,13,74,185,92
Dylan,35,5,14,71,171,89
Mason,42,6,12,79,173,87
Kadeem,43,3,10,81,182,93
Omar,39,3,14,82,177,91
Ciaran,39,3,11,75,169,88
Harlan,35,3,9,79,170,89
Vincent,44,4,8,74,184,88
Dennis,43,5,11,81,184,92
Cedric,38,5,14,89,177,92
Thaddeus,38,4,12,77,173,95
Owen,41,5,14,70,171,92
Elvis,38,6,12,70,176,86
Brian,37,6,10,81,177,85
Christopher,39,4,12,76,181,85
Phelan,38,3,9,84,170,87
Garth,39,6,10,89,173,92
Erich,42,3,12,82,181,87
Kareem,38,6,14,78,178,86
Guy,45,5,11,82,174,95
Craig,45,4,12,74,175,88
Griffin,41,3,10,76,181,95
Wallace,45,4,14,76,185,95
Brady,41,5,10,80,171,95
William,39,3,11,81,165,90
Fletcher,37,5,10,83,168,92
David,42,4,9,90,184,95
Todd,45,6,8,86,177,93
Cairo,43,5,14,90,167,85
Gareth,40,3,14,73,175,85
Shad,39,5,13,86,173,88
Reed,39,4,13,77,169,93
Myles,41,4,12,82,177,93
Ali,36,3,10,83,181,92
Colby,44,6,13,80,171,91
Neville,43,3,9,90,171,87
Nolan,45,4,14,80,173,94
Alden,45,3,10,76,169,93
Fuller,37,5,8,89,183,85
Wallace,36,4,13,75,183,89
Kareem,40,5,14,74,168,89
Aquila,44,5,11,73,177,91
Talon,41,3,8,70,166,95
Macon,43,4,12,86,168,86
August,40,5,10,80,181,91
Hyatt,45,6,14,83,175,90
Caldwell,43,3,10,85,177,88
Silas,38,6,12,89,183,87
Marshall,43,6,9,74,170,90
Zeph,37,5,9,79,175,95
Ryder,37,3,14,80,184,85
Robert,41,6,8,82,165,86
Christopher,36,6,10,88,171,87
Levi,36,4,12,85,170,94
Grant,35,5,10,83,179,87
Kermit,38,3,14,75,166,94
Nigel,40,6,11,90,167,93
Noah,45,4,13,90,172,93
Ian,40,4,9,70,178,92
Caldwell,43,3,11,75,169,94
Sylvester,43,3,11,70,182,87
Burke,24,8,6,79,172,86
Keith,33,6,11,77,180,100
Thomas,18,7,10,76,182,100
Ishmael,25,4,11,86,165,95
Kane,19,7,5,89,171,99
Lionel,23,7,5,70,171,100
Marsden,25,7,5,88,175,96
Nathaniel,26,6,9,78,182,100
Eric,33,6,10,73,169,89
Scott,32,8,13,72,184,87
Scott,35,5,8,82,179,98
Carlos,21,5,13,79,174,98
Carson,29,5,5,77,169,90
Chester,19,6,13,70,172,91
Upton,24,6,13,73,185,90
Ethan,20,6,8,70,171,89
Evan,33,4,13,74,166,87
Keegan,24,5,10,82,185,99
Ira,23,6,5,88,166,85
Merrill,33,5,7,77,179,94
Alec,19,5,9,74,168,95
Len,32,5,12,80,168,96
Brady,22,8,12,75,166,92
Connor,24,4,11,72,165,99
Burton,22,8,9,81,166,87
Colby,27,7,5,70,182,87
Amir,26,7,9,83,182,96
Jonas,28,4,13,85,173,100
Steel,19,5,11,79,172,91
Andrew,34,5,11,78,182,99
Bert,20,4,8,72,168,91
Anthony,33,4,5,89,177,92
Quinn,21,5,10,80,174,94
Hiram,31,8,13,75,176,99
Brendan,19,5,13,79,183,95
Valentine,27,8,7,76,183,85
Nash,22,5,9,79,174,85
Murphy,35,6,5,82,181,88
Zachary,19,6,6,90,183,99
Garth,20,5,10,84,173,87
Nehru,28,4,11,82,169,95
Yuli,23,8,9,87,173,91
Kenyon,31,8,11,90,179,96
Daniel,29,8,6,73,183,98
Aaron,23,5,5,90,172,100
Malik,19,5,13,71,177,92
Brett,34,4,7,84,174,94
Stephen,30,5,10,79,183,92
Hedley,23,6,5,78,171,89
Victor,33,6,13,79,166,95
Abraham,35,4,7,72,166,87
Jin,23,8,11,85,182,90
Eric,30,7,6,74,172,96
Dale,35,7,10,86,172,90
David,29,7,11,82,166,92
Chancellor,30,8,10,81,170,96
Paki,29,6,8,76,168,87
Keane,18,7,6,75,172,99
Allistair,31,5,9,82,180,96
Vincent,35,5,9,75,179,85
Chester,30,5,12,80,182,89
Clinton,20,6,9,88,178,89
Amos,25,7,13,75,178,88
Logan,35,8,6,89,179,91
Brendan,28,4,13,82,169,85
Nissim,30,5,11,85,171,99
Murphy,22,8,10,90,168,93
Axel,27,6,7,87,169,94
Cullen,34,7,13,70,185,85
Igor,24,6,10,73,166,95
Jared,35,8,10,83,175,98
Barclay,20,7,9,85,177,99
Warren,33,8,7,90,165,92
Richard,25,8,11,85,185,97
Erich,22,8,7,80,176,90
Vance,22,7,5,87,184,92
Andrew,19,8,12,70,167,87
Cyrus,30,4,10,88,183,95
Magee,25,8,5,90,178,93
Wang,21,5,12,73,182,100
Bruno,28,4,13,79,183,99
Bernard,21,7,13,81,178,99
Kane,22,8,9,71,180,87
Kaseem,18,7,13,90,177,88
Christian,29,6,9,82,169,99
Rigel,22,7,11,89,185,87
Price,28,4,8,86,175,94
Elton,30,7,5,88,175,99
Christian,28,7,7,88,165,90
Eaton,35,7,13,83,178,87
Paki,34,4,6,90,181,88
Maxwell,30,4,6,78,177,100
Christian,33,8,10,73,183,89
Zephania,30,8,11,89,177,87
Hammett,22,7,11,79,182,98
Tanner,27,6,10,84,175,95
Grady,29,7,11,76,165,89
Quentin,26,7,11,87,181,88
Ira,24,5,10,82,174,99
Aidan,21,3,13,64,174,100
Grant,18,3,6,84,185,96
Mohammad,33,2,13,65,166,99
Giacomo,25,2,6,69,180,91
Bevis,23,2,10,69,185,97
Merrill,30,2,7,63,166,95
Coby,22,2,6,85,171,92
Nigel,27,2,13,60,168,92
Ralph,24,1,11,75,167,98
Jordan,28,2,10,61,184,87
Norman,33,1,7,70,170,97
Brendan,27,1,13,63,170,90
Herrod,20,1,9,67,172,94
Keegan,31,2,9,69,175,99
Kareem,19,3,8,68,168,96
Dominic,24,1,4,65,170,92
Neville,22,1,8,70,180,88
Ira,33,3,11,71,170,98
Geoffrey,22,1,6,65,169,89
Cedric,23,3,9,66,181,95
Davis,19,2,12,72,178,98
Xander,34,2,6,68,169,93
Xanthus,24,3,11,73,173,88
Ralph,26,1,7,83,167,100
Otto,24,1,13,80,169,88
Byron,31,1,4,64,168,92
Warren,33,1,5,66,180,96
Roth,26,1,5,75,182,96
Camden,31,1,4,63,180,91
Daquan,26,2,7,77,182,96
Damon,20,1,12,75,183,87
Yoshio,29,2,13,71,182,98
Joseph,34,1,12,78,173,86
Driscoll,21,1,8,72,176,86
Bruce,32,1,10,77,174,87
Ulric,18,2,13,80,165,95
Leroy,28,2,8,66,168,92
Gannon,27,1,11,68,170,97
Ivan,18,2,13,81,176,87
Leo,31,3,4,68,177,96
Hu,29,1,12,62,168,97
Oscar,24,1,11,85,170,94
Brady,23,3,8,68,177,85
Driscoll,32,2,11,61,182,99
Travis,35,1,10,82,180,89
Orson,19,1,4,60,172,93
Igor,23,1,11,84,181,100
Armand,18,2,5,83,176,85
Baker,25,2,4,74,179,89
Keefe,28,2,13,64,174,88
Bernard,19,2,10,62,178,87
Oren,18,2,12,70,182,89
Kasimir,22,3,7,80,177,100
Brody,33,1,10,64,172,91
Garrett,27,2,8,63,184,85
Noah,24,1,6,78,176,85
Silas,24,1,4,81,167,85
Kato,18,2,4,78,167,88
Brandon,32,1,13,76,184,85
Lewis,29,3,7,60,176,89
Cole,20,3,11,60,170,89
Rogan,33,2,11,66,185,86
Geoffrey,23,3,10,62,179,93
Gareth,34,3,8,65,173,91
Craig,19,2,5,64,170,89
Raja,35,1,11,75,165,96
Carlos,29,1,4,68,165,97
Kamal,25,1,10,78,169,99
Xavier,35,2,11,77,169,94
Barclay,26,2,13,71,169,89
Blake,26,2,8,84,176,98
Zeus,19,2,7,81,166,91
Adrian,25,2,4,83,179,98
Kadeem,33,1,5,77,172,93
Elmo,18,3,12,70,182,88
Vincent,18,1,9,83,165,86
Lewis,34,1,13,68,165,90
Clayton,19,1,6,65,180,86
Amos,20,1,10,85,166,94
Cain,33,1,11,67,182,88
Jameson,22,3,11,83,180,96
Daniel,32,1,11,69,179,90
Noah,21,3,9,77,166,99
Benedict,27,3,8,61,171,94
Noah,28,3,10,75,179,100
Gary,22,3,7,61,184,87
Gray,24,1,12,75,165,97
Lucas,21,2,7,78,174,87
Grady,33,2,8,72,181,92
Arthur,31,2,12,77,184,88
Jameson,20,2,9,78,177,88
Orlando,20,2,13,83,174,100
Shad,35,3,7,74,166,87
Leonard,34,2,10,66,175,86
Daquan,27,1,4,80,173,85
Slade,30,3,13,85,185,96
Gregory,29,1,9,73,169,100
Wing,26,1,7,80,167,91
Kevin,28,1,9,75,180,86
Benjamin,34,8,1,79,166,93
Brent,34,4,2,83,165,94
Quamar,20,5,2,67,171,92
Brenden,28,8,3,80,183,95
Calvin,18,5,4,79,171,97
Julian,28,4,1,66,170,86
Declan,21,7,2,70,181,85
Isaac,22,7,4,80,176,89
Jordan,34,8,2,68,177,89
Chase,31,8,3,89,169,88
Francis,20,5,1,72,170,94
Hedley,25,8,3,73,170,85
Oleg,34,5,1,67,167,100
Ignatius,23,8,2,79,176,86
Jasper,26,8,1,66,171,99
Dolan,27,6,2,84,180,85
Ivan,29,6,3,68,184,86
Kieran,24,4,4,78,179,96
Tobias,23,4,2,65,179,94
Kareem,22,6,3,67,184,88
Akeem,25,5,1,70,172,98
Philip,32,8,4,90,176,89
Jeremy,23,4,3,75,181,92
Phillip,32,7,4,82,174,88
Kato,30,8,3,78,171,98
Barry,24,8,4,73,176,85
Melvin,21,6,4,75,184,90
Tyler,26,7,4,84,183,87
Jin,19,6,4,68,185,100
Price,28,4,4,87,182,94
Leo,22,8,2,72,169,96
Price,35,4,1,78,168,89
Carter,29,7,4,70,175,90
Tanek,29,8,4,79,168,96
Nash,20,4,2,74,172,87
Daniel,19,7,3,74,172,92
Zachery,31,5,2,78,184,96
Erasmus,25,7,3,72,169,99
Rogan,31,4,3,89,184,89
Ferris,25,4,2,81,176,90
Peter,24,4,4,74,173,97
Connor,26,5,3,77,165,86
Amir,35,5,3,73,172,96
Lamar,24,6,3,82,178,95
Dale,26,7,3,80,180,97
Nissim,32,8,4,82,180,93
Richard,27,6,4,90,165,88
Cadman,19,6,4,85,183,88
Cyrus,25,4,1,89,173,94
Mason,34,8,1,82,174,87
Lucas,32,4,2,67,184,94
Keith,34,5,4,67,171,98
Nicholas,19,5,2,68,169,94
Kasper,25,8,2,72,167,97
Leo,32,5,2,88,165,85
Fletcher,30,7,2,65,169,86
Dorian,19,7,3,89,179,96
Xenos,19,5,1,80,176,87
Gannon,28,4,3,89,184,100
Jelani,29,4,4,79,178,100
Thomas,21,6,4,84,175,90
Elvis,27,8,3,90,183,90
Kennedy,19,4,3,81,168,92
Finn,26,5,3,69,174,95
Gage,29,4,2,81,183,92
Todd,20,8,3,66,172,91
Myles,30,5,1,77,166,86
Boris,25,7,1,88,177,93
George,24,8,1,68,175,87
Phelan,20,6,1,70,169,92
August,25,5,1,66,169,98
Hoyt,26,5,3,87,165,93
Odysseus,24,6,4,77,183,99
Garrett,30,7,2,80,172,91
Jason,32,7,4,83,181,93
Armando,30,6,3,67,168,90
Hiram,31,5,4,81,166,91
Hayden,35,4,2,67,168,98
Austin,28,6,3,89,179,94
Duncan,26,6,4,84,176,89
Nolan,31,8,3,75,184,91
Len,25,7,2,84,171,91
Wade,27,8,1,76,183,100
Geoffrey,29,4,4,90,179,87
Russell,32,8,2,72,177,89
Samuel,33,6,2,84,173,95
Thane,34,6,4,76,170,89
Ezekiel,19,6,3,82,171,87
Hoyt,18,5,2,66,173,88
Oscar,25,8,4,71,165,89
Edan,35,8,1,88,185,93
Hunter,28,6,3,80,174,96
Jeremy,29,5,3,75,168,89
Moses,22,6,1,90,182,96
Rajah,29,6,1,89,169,98
Wing,27,6,4,68,175,88
Cedric,20,4,4,85,174,91
Jason,31,4,2,66,183,97
Alfonso,19,8,1,81,174,89
Kieran,19,1,17,86,179,98
Sebastian,20,1,13,76,174,91
Andrew,19,2,14,71,168,92
Duncan,31,2,18,79,185,98
Joel,24,3,20,88,174,86
Joshua,20,3,18,71,180,85
Octavius,19,1,14,77,177,94
Octavius,20,3,19,83,181,86
Micah,28,2,19,81,180,92
Samson,32,3,20,70,173,100
Dean,23,2,14,76,177,99
Rajah,19,2,19,75,178,96
Devin,24,1,19,70,166,91
Scott,18,2,15,89,169,85
Cody,27,1,15,84,170,94
Brody,34,1,14,75,167,90
Matthew,31,1,13,70,181,99
Troy,23,3,20,89,185,88
Zephania,33,1,14,77,167,94
Hu,22,2,20,79,166,94
Cameron,23,2,14,70,165,96
Lucian,18,1,18,78,179,95
Cairo,35,3,15,87,180,100
Simon,26,1,19,87,167,95
Michael,20,2,16,86,178,97
Clark,34,3,19,81,179,96
Jasper,35,1,15,70,181,98
Len,31,2,17,79,173,96
Hayden,23,2,19,80,177,89
Dante,31,1,20,77,168,86
Oliver,30,1,15,88,171,90
Deacon,22,1,14,70,166,97
Nash,24,2,16,77,182,87
Aristotle,19,2,17,83,169,92
Amal,32,1,16,80,178,93
Elijah,30,1,13,74,177,90
Xanthus,27,1,14,78,167,98
Tanek,25,2,19,75,179,93
Francis,25,3,18,90,180,98
Kenneth,27,2,14,83,179,91
Aristotle,31,2,19,85,173,97
Kennedy,19,1,20,71,172,94
Zeph,22,1,19,75,181,99
Warren,35,1,14,84,168,91
Reece,29,2,18,85,180,94
Declan,25,3,16,72,171,92
Dieter,29,2,19,77,168,97
Calvin,30,3,16,75,165,95
Yuli,24,2,16,71,166,93
Samson,28,3,17,80,178,96
Colt,26,1,16,82,167,95
Kamal,32,2,15,86,172,95
Lawrence,32,3,13,89,168,89
Myles,26,2,19,74,181,86
Kadeem,26,2,14,80,185,96
Aquila,25,2,15,74,182,86
Grant,35,1,20,86,179,94
Oscar,34,3,13,86,177,87
Macon,28,3,13,80,173,99
Orlando,30,3,20,85,174,91
Aristotle,27,2,13,82,170,97
Palmer,27,1,18,80,180,85
Vaughan,23,3,18,82,165,98
Xenos,21,1,17,84,179,92
Ishmael,35,2,17,74,174,93
Reese,27,1,17,83,185,87
Brett,26,3,19,81,167,95
Gary,20,2,14,87,173,98
Travis,27,3,17,72,176,95
Jasper,32,1,13,76,184,86
Preston,21,3,17,87,177,98
Lance,23,3,14,71,177,86
Bevis,21,3,16,73,170,89
Isaac,34,1,17,83,165,88
George,29,1,15,86,181,96
Kennan,29,3,19,70,179,96
Emmanuel,27,3,19,72,179,89
Lawrence,31,3,16,82,182,97
Plato,29,3,19,76,179,95
Tarik,31,3,14,85,173,94
Aaron,18,1,18,82,168,91
Quamar,35,1,14,80,170,87
Brandon,25,3,16,86,168,99
Hector,25,3,17,88,177,100
Steel,27,1,19,81,172,96
Macon,22,2,16,89,184,99
Chadwick,26,1,18,87,183,87
Kaseem,20,1,16,90,174,92
Cadman,27,1,14,86,178,93
Yoshio,23,3,17,81,174,98
Elmo,35,2,16,87,170,95
Vernon,24,1,13,77,171,88
Carson,30,1,14,84,169,99
Aquila,24,1,14,73,179,95
Derek,34,3,19,81,183,91
Herman,26,2,15,80,178,91
Callum,19,5,11,78,124,60
Wylie,12,3,5,67,164,67
Ryan,17,6,9,69,126,77
Thor,17,4,8,69,177,61
Wesley,27,5,12,55,185,66
Yardley,14,6,8,58,174,72
Len,25,3,9,40,133,62
Emery,23,5,4,78,125,69
Davis,27,4,6,51,130,73
Jonah,20,4,7,73,140,65
Daniel,25,4,10,61,169,66
Cairo,15,5,11,61,160,80
Branden,18,5,4,51,157,66
Abdul,29,4,5,50,162,60
Colin,15,6,6,64,136,74
Kuame,25,3,10,78,183,66
Hayden,17,4,11,68,172,71
Leonard,29,4,12,69,136,77
Gil,18,4,8,72,151,69
Logan,16,4,3,43,152,73
Philip,19,4,11,55,136,65
Caleb,27,5,10,58,151,71
Odysseus,24,5,9,66,139,73
Colton,26,5,3,68,163,75
Ross,25,5,7,47,166,72
Brian,20,3,9,75,184,80
Luke,15,6,7,67,169,75
James,25,6,9,62,125,72
Jeremy,19,5,5,72,143,67
Acton,18,6,11,75,175,62
Hayden,18,6,3,50,166,69
Orson,19,5,7,76,184,62
Odysseus,15,6,4,61,130,73
Austin,21,6,4,61,157,60
Rogan,19,6,8,77,153,62
Zephania,18,4,5,76,167,79
Vernon,17,4,4,66,154,75
Rudyard,24,5,4,61,133,64
Barrett,29,4,10,40,181,69
Edan,29,5,11,75,182,76
Damian,19,5,12,53,123,65
Theodore,24,6,6,68,140,79
Avram,18,6,3,70,170,69
Fritz,13,4,6,72,171,72
Kennedy,27,5,3,56,143,68
Rogan,24,6,4,45,154,66
Griffith,19,4,11,60,130,75
Reese,12,5,10,53,123,61
Jakeem,28,4,5,70,152,78
Daniel,28,6,7,46,156,79
Devin,28,6,3,53,138,79
Henry,22,4,9,63,136,78
Addison,28,5,6,51,177,67
Uriel,12,3,9,50,182,79
Bruce,30,6,5,64,124,63
Malachi,20,6,3,66,169,80
Blaze,17,4,11,49,153,69
Fritz,12,3,7,45,156,74
Garth,15,6,4,76,150,76
Clark,18,6,4,45,173,66
Louis,15,6,7,71,144,61
Jerome,18,3,8,64,161,72
Oliver,23,6,7,56,130,79
Andrew,19,5,4,52,138,70
Kermit,27,4,4,79,125,76
Steel,15,3,12,73,180,74
Lawrence,23,5,9,63,138,70
Jack,29,6,6,80,143,69
Barclay,27,5,11,43,127,73
Tiger,30,4,8,59,141,79
Brennan,28,5,5,44,156,76
Laith,14,6,12,52,185,71
Jason,20,4,4,66,164,72
Kuame,16,5,11,46,148,72
Talon,30,6,7,58,129,66
Dane,30,6,8,76,121,63
John,20,6,10,54,120,77
Declan,29,4,12,64,178,65
Vernon,27,5,4,46,161,64
Mason,17,4,10,55,171,71
Gabriel,12,5,3,55,144,74
Armand,15,3,10,72,178,69
Cameron,22,3,4,54,142,67
Kevin,14,4,12,54,156,72
Yardley,17,6,3,65,148,61
Hunter,12,4,3,71,135,80
Tarik,18,4,11,40,141,68
Elton,29,5,6,50,124,65
Cruz,23,4,12,55,122,78
Vladimir,19,3,8,44,155,65
Leroy,19,3,3,48,125,69
Stone,13,4,11,44,161,75
Samson,22,6,11,52,176,67
Hedley,15,3,10,60,172,64
Silas,25,5,12,76,156,75
Magee,26,6,11,77,162,67
Nasim,13,4,10,61,152,65
Macaulay,24,6,12,66,166,72
Jarrod,28,5,8,78,165,64
Odysseus,14,5,4,52,155,61
Palmer,15,5,4,80,173,75
Gavin,18,5,7,56,171,70
Curran,20,5,9,57,182,64
Hoyt,27,6,7,70,177,63
Uriel,29,5,11,69,151,71
Josiah,13,3,6,72,170,69
Keith,27,5,4,42,125,67
Luke,23,5,11,80,176,72
Kasper,20,6,8,70,156,67
Ronan,25,4,5,59,153,76
Arden,15,6,4,66,122,70
Ryder,12,3,3,60,148,74
Griffith,23,5,12,64,166,66
Samuel,20,3,4,58,152,66
Dillon,23,3,7,56,140,69
Nash,14,6,11,72,149,64
Burton,24,3,9,71,152,73
Erasmus,18,3,8,51,149,68
William,18,6,11,75,145,68
Yasir,16,5,12,48,130,78
Rigel,17,6,3,40,145,74
Graham,29,6,4,77,163,68
Stewart,23,5,8,75,120,79
Flynn,16,6,5,68,163,76
Brenden,28,5,3,49,167,60
Louis,16,4,4,72,166,75
Duncan,20,3,6,56,163,64
Dustin,13,6,3,40,131,80
Damian,20,5,4,74,121,79
Hamilton,28,4,4,75,170,60
Nigel,30,3,10,79,160,63
Gray,18,3,3,64,131,61
Uriel,27,3,10,44,140,63
Hall,28,4,5,73,171,75
Derek,17,5,5,79,143,66
Lucas,14,4,4,57,178,69
Stuart,28,4,4,80,125,76
Robert,29,4,8,45,159,79
Moses,15,4,8,79,158,79
Hamish,17,6,7,46,121,65
Stephen,15,5,10,45,177,71
Bruce,17,4,11,66,122,70
Micah,20,5,9,57,123,65
Alden,24,5,5,73,179,69
Garrison,25,6,12,69,174,71
John,14,4,10,60,131,77
Edward,22,5,9,80,130,76
Oleg,24,5,3,48,157,72
Ira,20,3,11,58,135,69
Lamar,16,5,8,54,160,65
Wang,24,3,9,47,147,76
Griffin,28,6,8,45,170,68
Simon,17,6,9,65,136,73
Elliott,29,6,5,70,142,65
Kennedy,26,4,3,49,121,60
Deacon,13,4,12,58,151,74
Keegan,23,5,4,56,184,78
Allen,22,4,8,54,169,66
Tucker,15,3,8,48,147,80
Tanner,20,3,3,70,154,71
Honorato,12,6,9,55,129,74
Marshall,23,5,3,61,169,75
Camden,30,4,10,54,179,62
Giacomo,29,6,4,50,179,74
Kato,19,4,4,57,164,66
Avram,17,6,11,65,148,64
Tyler,13,3,12,54,175,64
Zeph,26,5,11,79,140,80
Xander,18,5,12,69,157,60
Lionel,30,4,3,57,124,64
Perry,17,5,9,49,156,76
Jakeem,12,3,11,69,149,78
Palmer,29,6,11,40,126,76
Baxter,20,3,5,78,177,75
Harding,20,3,9,44,129,68
Gareth,30,5,4,80,173,66
Myles,15,5,3,59,140,79
Thor,28,6,11,57,181,79
Jin,19,3,7,72,165,67
Hyatt,18,6,10,58,141,79
Logan,13,4,9,50,184,66
Hall,29,4,4,41,135,76
Garrett,21,5,9,48,153,72
Branden,27,4,8,73,157,79
Arsenio,12,6,8,46,165,77
Thaddeus,16,3,6,52,146,65
Ezra,19,5,7,70,158,79
Todd,24,6,6,58,162,74
Orson,27,3,10,61,149,74
Gary,23,6,11,43,179,65
Upton,28,4,9,46,162,64
Theodore,12,6,10,43,151,66
Brock,18,3,3,40,166,74
Warren,15,4,3,40,125,73
Jelani,15,5,8,59,135,75
Travis,17,4,4,45,162,80
Griffith,29,3,11,54,139,80
Harper,12,6,7,55,169,79
Roth,12,4,9,67,182,68
Daquan,20,3,8,64,175,71
Axel,12,3,7,78,170,74
Louis,17,6,12,67,140,73
Jacob,21,6,4,63,141,70
Phillip,14,3,9,49,166,72
Wayne,20,3,9,58,161,63
Griffin,26,5,10,74,150,64
Clinton,29,3,5,60,120,71
Christopher,21,4,9,78,149,72
Solomon,16,3,6,79,178,77
Allistair,29,6,5,67,177,79
Cruz,16,4,6,44,149,66
Stephen,15,3,7,54,168,80
Noah,24,4,10,66,177,79
Justin,29,5,7,46,141,60
Harding,16,5,10,48,144,74
Akeem,13,6,7,71,176,62
Rogan,12,3,9,52,154,74
Emerson,30,6,8,61,151,80
Darius,12,6,9,46,173,71
Burke,28,3,5,71,160,78
Craig,16,3,7,67,154,63
Christopher,19,4,5,74,180,67
Baker,22,5,5,78,139,60
Rogan,28,5,7,47,185,74
Allen,27,3,6,71,126,74
Keith,26,5,4,46,132,69
Ashton,23,3,3,46,121,65
Jermaine,27,5,11,70,136,66
Jameson,29,3,4,51,181,71
Garrison,16,3,8,62,159,66
Colt,12,5,4,77,163,71
Lewis,17,6,3,43,176,63
Victor,30,4,12,71,156,73
Adam,18,4,9,80,156,78
Gabriel,21,4,7,49,163,71
Flynn,19,4,10,41,154,66
Nash,30,3,7,57,138,72
Coby,23,4,6,77,159,77
Aaron,27,5,10,41,158,80
Isaiah,24,4,3,47,172,66
Porter,27,6,12,40,185,61
Abbot,30,5,11,44,169,80
Reece,18,4,8,44,142,78
Aquila,20,4,12,74,146,70
Nissim,18,5,12,58,142,60
Davis,29,4,7,77,142,60
Rahim,16,3,4,54,151,60
Brendan,30,4,11,59,182,77
Walter,15,3,8,61,161,72
Cullen,16,4,11,47,185,64
Griffin,27,5,3,65,140,79
Drake,30,5,4,54,183,70
Malcolm,12,3,10,61,161,69
Channing,29,4,7,45,146,78
Kieran,23,3,5,79,132,66
Abdul,25,6,8,74,180,67
Fletcher,15,5,5,59,164,80
Victor,29,6,4,64,168,80
Bevis,27,4,12,80,126,71
Robert,27,3,7,78,169,69
Jason,24,6,10,48,181,64
Hammett,29,3,5,77,149,77
Thaddeus,24,5,4,40,151,77
Cedric,24,4,11,51,136,63
Martin,29,3,3,76,135,72
Thaddeus,15,4,9,43,133,79
Benjamin,22,5,10,51,139,67
Brennan,26,3,9,64,132,77
Kasper,26,6,11,80,128,67
Jeremy,25,4,12,50,161,75
Dean,12,6,8,78,172,77
Timon,23,4,5,77,161,80
Gray,15,5,8,44,174,60
Chester,26,4,3,75,147,69
Garth,21,4,3,76,159,71
Hop,13,5,8,42,142,74
Ian,14,4,11,48,129,68
Alec,18,4,8,80,166,75
Dominic,18,6,3,66,176,60
Caesar,14,5,8,64,129,62
Sean,24,5,12,41,128,71
Elijah,29,4,11,70,129,71
Cooper,17,5,12,44,175,69
Theodore,15,5,4,57,129,75
Geoffrey,23,3,8,75,121,64
Garth,30,3,11,59,180,80
Uriel,20,4,12,44,135,72
Axel,25,4,7,46,146,70
Jasper,30,5,4,49,161,76
Wade,26,3,6,63,131,76
Marshall,26,5,4,77,160,72
Joshua,19,5,12,68,137,66
Raja,16,6,6,58,150,65
Honorato,27,4,4,73,167,74
Harrison,24,4,6,69,173,61
Jamal,23,6,8,44,173,72
William,17,4,6,62,157,75
Cruz,20,3,11,40,126,60
Fritz,18,5,6,42,160,62
Leo,15,3,4,71,164,72
Wallace,27,9,12,93,191,67
Honorato,44,4,5,87,171,77
Caesar,45,12,6,77,184,60
Zeph,31,12,14,83,180,61
Kyle,25,10,12,80,180,75
Aaron,32,8,4,73,172,74
Hakeem,41,10,15,70,193,63
Barclay,26,8,15,84,175,78
Rahim,27,4,12,86,182,79
Joshua,36,12,12,81,188,71
Daquan,32,8,10,94,176,63
Prescott,39,3,4,87,181,78
Phelan,42,11,15,80,171,63
Henry,33,8,10,95,178,60
Kuame,44,7,12,71,192,77
Akeem,28,12,5,94,174,78
Logan,35,4,9,77,176,71
Finn,33,9,12,76,188,66
Devin,36,4,12,85,184,74
Reed,40,11,14,90,184,72
Boris,42,3,6,85,188,64
Oren,32,9,16,78,188,67
Hilel,44,4,12,82,181,79
Kirk,36,6,10,95,191,74
Aquila,25,4,8,80,174,79
Elvis,41,3,12,94,188,65
Graham,38,4,10,84,172,70
Nehru,32,10,12,73,182,80
Blake,38,4,4,92,170,70
Berk,30,11,4,94,172,66
Kieran,38,7,5,78,184,75
Josiah,42,3,15,76,180,62
Burke,39,4,6,70,188,63
Caleb,45,6,15,94,180,79
Luke,44,11,13,73,182,62
Blake,27,9,4,92,189,61
Deacon,38,3,12,78,173,73
Herman,33,8,16,92,190,66
Arthur,40,8,8,77,176,77
Xanthus,29,3,13,91,176,63
Ulysses,34,5,15,90,172,75
Roth,45,7,14,85,189,65
Amal,41,11,16,76,188,68
Hamish,36,3,16,77,177,64
Cyrus,41,5,13,84,179,68
Dominic,42,3,5,80,190,65
Levi,39,9,11,77,183,78
Gareth,31,12,6,90,171,69
Barclay,28,8,6,77,182,66
Xavier,44,10,16,74,188,72
Martin,26,11,9,73,193,67
Kennedy,29,3,15,72,185,66
Lee,45,9,10,77,175,78
Jerry,25,9,14,75,185,71
Price,43,4,16,72,186,79
Thaddeus,45,8,14,89,191,66
Rahim,40,12,8,85,182,73
Zane,42,10,9,95,172,69
Joshua,43,9,12,81,178,60
Jermaine,38,5,8,92,190,64
Bruno,45,8,16,92,171,66
Lucian,34,8,10,92,179,73
Castor,25,12,13,80,180,69
Xander,29,5,5,75,188,80
Christopher,25,10,13,86,174,72
Martin,32,10,4,72,182,64
Hayes,33,12,12,81,172,78
Peter,26,7,6,77,181,77
Zeph,40,6,6,73,170,80
Owen,31,12,9,74,176,63
Arsenio,31,5,6,84,176,75
Rooney,37,9,7,70,176,69
Jordan,37,9,7,79,172,72
Blaze,37,5,14,70,173,79
Caesar,39,6,15,89,176,73
Brendan,32,11,11,74,180,78
Dexter,29,8,12,90,170,61
Marsden,34,8,8,86,178,63
Brian,29,8,16,83,170,64
Reece,37,12,10,89,190,79
Beck,31,12,8,78,171,78
Richard,29,7,15,79,177,80
Palmer,36,12,12,89,190,74
Donovan,42,6,4,70,194,78
Hector,39,12,15,76,186,79
Quinlan,31,4,4,78,174,71
Harding,40,10,12,85,170,70
Alvin,28,11,16,93,182,66
Jamal,28,4,13,78,179,80
Curran,26,5,12,77,170,62
Chandler,27,3,11,71,193,76
Donovan,35,3,7,73,186,61
Yoshio,45,5,11,85,186,76
Talon,28,6,14,83,171,76
Wallace,37,8,10,72,193,74
Eaton,39,7,9,93,170,80
Blake,35,9,15,92,177,64
Burke,29,4,4,81,193,79
Ferdinand,32,9,11,75,182,73
Jarrod,29,12,16,72,170,61
Erich,32,8,4,88,179,62
Seth,41,7,12,92,181,80
Aaron,35,8,6,82,183,80
Rashad,27,3,8,87,175,71
James,35,8,4,86,186,77
Dalton,44,10,4,85,181,60
Hedley,44,3,11,80,194,74
Nathan,38,6,7,95,190,64
Ryder,42,7,7,92,178,74
Aladdin,36,9,13,82,175,76
Lucas,36,3,14,87,179,71
Ray,33,8,11,79,192,72
Brenden,28,7,6,80,173,76
Kenneth,29,9,8,79,176,64
Russell,34,3,13,76,181,64
Channing,34,9,5,74,183,67
Dane,30,3,4,79,190,80
Grady,34,4,4,94,189,71
Abraham,28,4,15,73,176,71
Brian,43,6,15,74,179,62
Brent,39,7,14,91,194,79
George,36,6,8,75,171,77
Tucker,37,4,16,93,191,63
Laith,34,3,5,77,189,62
Harper,38,10,16,75,188,64
Kasper,38,7,16,71,183,67
Harding,29,8,5,77,171,67
Rigel,45,5,8,87,183,62
Amery,29,5,16,92,172,74
Caesar,26,3,13,86,174,68
Tyrone,32,3,10,80,171,80
Jack,43,9,6,83,191,62
Adam,45,11,13,93,182,75
Erich,35,3,16,71,191,75
Dalton,39,11,10,73,184,73
Zeph,32,5,11,85,179,80
Hu,25,4,12,76,175,71
Wyatt,40,7,16,90,191,60
Ross,25,12,15,92,185,72
Elliott,38,5,14,70,174,68
Wylie,36,6,14,73,181,74
Magee,40,3,6,73,188,62
James,27,8,11,92,186,65
Timon,33,7,9,85,170,66
Bernard,34,11,10,83,172,61
Andrew,35,5,7,91,181,73
Kirk,36,9,9,78,190,63
Valentine,40,9,13,79,173,61
Thane,31,11,10,93,192,76
Cooper,33,8,12,79,185,71
Roth,32,3,12,90,178,64
Graiden,45,3,7,75,187,63
Ali,40,12,12,74,178,64
Kennan,41,6,12,93,190,65
Rogan,40,9,13,86,173,73
Tarik,25,12,16,75,188,67
Thaddeus,27,7,15,88,176,67
Kennedy,26,6,5,89,170,80
Oleg,36,7,15,86,176,62
Aidan,35,3,6,86,184,80
Matthew,38,11,14,84,183,80
Ulysses,39,9,15,90,188,75
Xavier,37,6,11,95,187,75
Damon,40,6,15,70,190,63
Devin,31,5,11,71,192,65
Fulton,27,11,14,94,179,63
Gareth,38,11,15,81,188,61
Harper,29,3,9,89,171,60
Phillip,45,7,11,75,171,60
Tanner,36,11,7,85,172,80
Jared,41,12,9,80,181,71
Kirk,36,4,9,74,184,63
Dalton,42,6,16,92,177,70
Colorado,43,7,11,94,182,60
Igor,29,6,14,70,194,78
Mufutau,25,11,8,95,178,62
Felix,25,5,8,90,188,76
Victor,35,10,13,95,172,72
Magee,40,6,5,94,183,71
Timothy,35,10,16,75,187,79
August,30,4,16,77,191,61
Stephen,38,6,16,70,177,78
Colton,34,6,15,70,189,71
Brian,39,10,14,74,188,79
Adam,43,12,4,90,187,80
Cameron,32,5,8,90,175,65
Ciaran,35,7,9,93,185,62
Nash,45,7,8,95,180,60
Zeph,26,10,9,84,191,62
Sawyer,29,12,15,80,181,68
Micah,31,4,7,71,178,62
Paul,42,12,15,82,187,71
Hedley,38,4,6,82,171,80
Hayden,26,8,6,70,195,72
Byron,42,3,9,94,190,68
Porter,39,7,7,75,170,68
Keaton,28,4,12,88,185,66
Andrew,43,6,7,88,186,63
Steven,35,3,11,93,187,77
Emerson,30,10,7,89,179,77
Samuel,45,9,11,93,181,79
Elvis,45,9,16,75,187,76
Colorado,37,7,13,81,179,78
Wayne,37,6,14,90,181,77
Ezekiel,32,6,16,94,184,67
Giacomo,41,3,13,70,181,65
Nigel,30,4,6,92,191,63
Garrett,40,3,9,90,173,68
Malik,40,8,16,95,170,76
Mufutau,40,12,4,76,187,65
Kibo,37,10,6,76,194,74
Rajah,39,11,8,78,194,78
Cooper,35,9,5,95,170,70
Wyatt,38,7,4,84,172,74
Ethan,30,7,5,76,176,69
James,40,9,15,94,183,69
Timothy,31,6,16,88,194,78
Michael,43,3,12,76,193,79
Jonah,32,8,9,75,174,73
Solomon,35,6,9,79,180,61
Noble,37,5,6,79,191,74
Raja,33,11,12,85,184,61
Macon,40,8,11,86,180,80
Talon,26,11,15,75,190,68
Ignatius,43,7,14,94,186,62
Vernon,29,5,7,70,191,71
Channing,37,6,12,87,192,70
Quinn,29,11,16,93,189,60
Jerry,32,9,7,91,189,60
Julian,25,12,5,79,175,70
Zane,44,3,8,79,182,70
Abbot,32,3,14,85,195,62
Mufutau,38,11,5,80,182,69
Ferris,32,9,16,85,171,66
Rashad,33,8,6,84,183,80
Macaulay,30,12,11,85,181,64
Drake,25,6,14,82,172,68
Ryder,43,10,12,90,179,79
Tarik,32,6,6,74,193,71
Paul,34,10,12,75,191,77
Uriel,37,9,15,90,190,63
Wayne,26,10,5,81,172,60
Reese,33,9,15,70,195,69
Wayne,36,4,6,87,186,78
Colby,30,6,15,93,176,80
Damon,42,10,13,73,171,79
Samson,26,12,12,74,193,67
Kyle,30,7,12,83,181,60
Ronan,40,5,9,81,179,60
Fulton,26,6,15,77,184,73
Hyatt,44,5,9,94,192,69
Rigel,36,11,5,78,177,79
Malik,38,4,9,91,179,75
Grant,36,10,4,78,174,68
Amir,28,11,15,83,187,68
Chaney,27,6,13,74,190,74
Colt,25,4,13,72,178,70
Carlos,40,12,6,70,171,70
Oleg,26,10,13,70,181,63
Avram,31,3,9,86,178,73
Kennedy,44,11,9,88,193,76
Abdul,41,7,5,77,173,61
Coby,27,8,16,72,174,69
Dylan,42,11,7,82,190,76
Garth,42,7,4,84,178,70
Peter,36,8,15,70,184,69
Keefe,36,6,12,70,180,71
Sean,35,6,9,81,181,74
Phelan,34,10,4,81,182,65
Dieter,29,7,16,94,179,61
Nissim,41,11,13,83,187,62
Steven,41,11,14,70,185,70
Peter,30,11,5,94,189,61
Keefe,29,5,6,91,178,75
Caesar,31,10,9,72,184,75
Nigel,30,9,12,90,179,76
Fulton,34,7,15,71,195,60
Avram,28,7,11,74,183,69
Abbot,38,10,14,90,185,65
Nissim,35,10,14,95,187,77
Eaton,44,8,5,89,191,79
Hunter,38,3,13,89,192,76
Rahim,39,11,14,72,191,75
Colton,41,4,15,78,188,69
Logan,39,8,12,73,174,74
Cody,44,7,7,75,183,64
Darius,41,12,4,86,194,64
Kuame,25,10,16,82,175,62
Erich,39,7,11,94,193,61
Nathaniel,27,6,9,78,195,74
Evan,30,7,13,75,195,71
Tanner,30,11,11,76,172,73
Elmo,28,3,15,75,187,77
Francis,32,7,15,84,186,70
Noah,31,6,4,71,176,60
Vladimir,27,12,7,73,182,77
Elton,34,10,13,86,190,75
Deacon,29,11,11,88,173,61
Raphael,30,7,16,82,188,65
Gavin,38,11,11,79,191,79
Kermit,15,11,13,46,156,32
Lucas,16,12,5,47,180,35
Arsenio,25,8,13,68,121,25
Leonard,32,10,9,80,179,23
Yuli,28,9,5,73,146,28
Vance,19,9,8,80,149,25
Lester,38,4,5,49,145,24
Elijah,12,12,11,47,186,32
Orson,26,2,3,46,146,27
Ali,29,1,2,91,142,33
August,37,4,1,56,173,23
Orson,22,10,9,94,132,36
Chester,12,1,15,41,152,37
Coby,21,7,13,79,183,29
Ray,42,2,15,76,127,23
Howard,18,3,2,63,132,28
Connor,17,10,16,58,165,22
Malik,28,6,12,92,185,36
Rafael,12,7,10,89,148,26
Kareem,41,12,14,70,193,25
Geoffrey,41,8,16,47,148,36
Graham,40,10,3,83,155,27
Lucas,41,8,11,91,121,28
Quentin,35,8,16,76,161,20
Hunter,29,7,11,55,163,23
Phillip,22,8,10,40,133,21
Emerson,33,7,7,77,139,29
Vladimir,16,1,11,54,183,23
Anthony,45,2,10,75,145,34
Rigel,36,5,4,85,191,34
Alfonso,37,11,3,51,135,22
Nissim,45,6,16,49,130,21
Kieran,37,11,9,85,186,31
Beck,44,10,3,91,139,32
Silas,16,3,3,67,160,25
Tanek,19,1,4,86,141,22
Timon,25,7,4,45,125,34
Evan,35,2,7,44,156,37
Cullen,24,11,3,74,121,22
Edward,41,1,11,95,184,32
Ciaran,20,1,11,54,164,23
Kelly,40,3,12,92,130,27
Lyle,17,9,11,51,190,22
Oliver,36,2,4,84,187,22
Asher,28,6,2,86,154,32
Barrett,35,11,11,53,126,38
Alvin,17,4,1,79,170,23
Colt,38,7,5,86,185,29
Lawrence,12,5,11,53,169,22
Macon,42,12,12,83,172,33
Brandon,43,9,3,69,160,28
Donovan,36,8,12,83,161,39
Ronan,34,3,5,54,156,38
Brent,27,1,14,65,169,20
Dennis,14,10,5,61,135,22
Shad,44,1,3,72,194,27
Hiram,40,11,14,73,159,37
Zeus,39,7,7,86,155,40
Brett,31,4,13,40,130,31
Wesley,20,12,6,70,162,35
Tucker,33,12,3,84,156,29
Nicholas,45,10,7,56,139,30
Merrill,32,7,14,67,176,22
Hop,32,6,14,51,132,25
Martin,36,4,14,55,173,33
Dylan,26,8,8,40,142,20
Ian,38,8,16,71,158,24
Ezekiel,42,12,2,90,150,38
Elvis,37,8,7,46,151,39
Alexander,23,2,15,41,159,37
Neil,18,10,2,85,159,34
Ira,21,6,11,92,191,26
Travis,33,4,1,41,184,23
Arsenio,33,6,2,88,189,36
Jamal,41,6,1,87,180,28
Duncan,34,3,6,52,128,32
Julian,34,4,1,42,125,35
Addison,15,11,11,54,143,24
Nasim,40,5,1,63,134,35
Damian,26,1,6,67,130,20
Jared,41,5,3,43,167,35
Quentin,41,12,3,95,126,38
Perry,28,10,12,44,133,30
Thaddeus,40,6,10,49,194,40
Cain,19,7,16,78,147,20
Noah,26,11,11,92,122,28
Christopher,21,6,2,49,157,35
Lawrence,39,4,9,71,159,33
Solomon,43,12,8,77,155,33
Russell,42,12,4,62,171,27
Jerome,20,5,14,81,143,40
Quamar,12,3,8,48,153,31
Francis,13,4,4,83,121,36
Garth,12,7,16,47,188,37
Paki,17,1,4,78,133,33
Warren,19,3,14,88,135,30
Drake,45,10,11,51,138,37
Amos,35,12,9,68,128,27
Allistair,44,10,13,64,133,39
Ethan,27,5,14,90,143,21
Isaiah,33,12,3,73,128,30
Upton,18,12,16,75,151,30
Kadeem,25,10,6,55,147,35
Reuben,41,12,16,94,130,37
Philip,41,11,9,45,179,39
Lev,30,12,4,74,138,22
Alan,36,10,7,47,177,37
Ishmael,14,6,11,62,153,20
Vernon,33,8,12,93,136,37
Troy,27,1,13,72,162,23
Ralph,23,5,5,82,139,24
Aaron,45,9,6,55,163,27
Drake,39,1,2,92,182,25
Jackson,34,10,15,77,129,30
Ciaran,23,9,16,60,151,24
Marvin,12,6,5,83,148,28
Clark,13,10,11,86,192,30
Nathan,42,9,9,71,139,22
Acton,22,4,5,88,177,35
Melvin,38,7,1,60,122,32
Clarke,33,4,4,71,142,29
Ronan,31,3,12,89,166,30
Connor,35,10,15,66,192,22
Magee,40,7,3,45,170,36
Chaney,21,11,4,70,191,37
Keith,26,10,10,89,177,24
Jonah,19,10,14,94,152,24
Josiah,38,10,2,48,141,32
Amir,26,8,1,94,161,39
Herman,14,1,4,63,160,29
Arthur,17,7,4,40,173,23
Quinn,13,9,16,56,123,30
Lawrence,15,10,4,65,178,23
Hayes,35,1,16,59,146,22
Ignatius,36,2,6,58,146,29
Yasir,44,2,16,49,152,33
Silas,14,2,16,55,194,29
Aaron,13,11,9,79,178,33
Xander,39,7,12,86,183,32
Marshall,12,5,12,93,154,24
Jared,17,4,13,84,145,24
Cruz,40,8,10,66,168,38
Orson,13,1,15,67,169,37
Laith,41,9,3,60,146,31
Coby,26,4,11,79,156,25
Chester,36,4,15,81,171,33
Phelan,35,8,1,76,143,25
Brendan,18,1,14,71,157,31
Erasmus,39,6,16,87,171,36
Raphael,22,6,3,41,167,33
Nehru,30,11,7,81,185,35
Wyatt,31,6,7,65,159,21
Hall,17,9,2,60,130,30
Orlando,45,1,15,82,130,25
Finn,35,6,4,61,188,40
Elijah,33,5,13,54,154,38
Grant,34,5,10,52,148,21
Gavin,38,4,8,73,163,30
Anthony,16,1,9,85,162,26
Jordan,20,2,12,69,151,21
Rashad,22,11,1,62,134,21
Zahir,28,1,3,52,185,24
David,41,9,15,49,150,22
Demetrius,31,1,13,50,167,23
Slade,16,9,16,47,164,27
Dominic,22,2,14,61,122,38
Elvis,31,11,14,91,165,23
Colt,21,1,14,91,139,22
Raphael,40,5,3,57,144,40
Dorian,17,2,7,55,128,39
Malik,32,9,15,46,162,27
Lucius,43,2,1,45,154,31
Solomon,43,9,10,41,159,38
Gannon,37,4,13,54,183,40
Sylvester,17,3,11,74,129,32
Harrison,43,2,1,50,159,30
Hammett,17,8,13,54,193,35
Steel,17,5,2,86,134,25
Zahir,16,8,6,42,141,25
Kaseem,15,11,10,83,178,34
Wesley,21,12,16,70,155,22
Ross,22,4,1,40,161,32
Arthur,43,11,5,61,154,29
Gareth,26,6,1,88,120,23
Howard,36,11,7,71,178,26
Valentine,43,8,2,74,140,35
Bevis,39,2,11,65,134,27
Elmo,36,9,1,57,134,23
Armand,13,7,12,76,144,27
Thaddeus,14,12,9,71,176,35
Randall,14,5,3,94,150,22
Moses,32,8,1,84,125,35
Hiram,14,11,16,70,137,36
Henry,32,4,15,78,158,20
Ulysses,34,4,4,56,169,23
Griffin,41,11,15,92,188,31
Blake,34,7,9,85,156,25
Magee,26,4,4,78,165,37
Aquila,29,4,5,44,174,36
Gary,18,1,5,76,122,27
Jason,43,9,7,45,131,30
Ivor,23,11,2,74,131,24
Flynn,40,11,6,44,171,28
Louis,25,5,15,58,163,31
Mohammad,39,6,1,66,124,38
Fritz,17,5,16,93,131,36
Kirk,12,1,7,80,178,36
Tate,37,10,6,88,180,23
Lars,38,2,8,75,178,34
Samson,39,5,15,89,158,32
Amos,17,9,6,92,130,30
Nash,37,7,1,91,184,34
Brent,31,5,6,87,143,34
Garth,16,6,15,72,152,28
Emery,26,12,16,83,190,23
Blake,40,7,3,94,162,34
Ira,44,12,3,55,120,38
Russell,17,12,5,55,131,25
Jason,41,12,9,85,168,26
Brody,13,7,9,48,167,37
Nathan,39,1,7,68,144,22
Anthony,13,8,10,94,186,40
Merritt,33,8,11,41,139,35
Wayne,21,8,12,42,167,23
Lance,29,3,13,89,146,33
Brandon,28,1,13,57,128,35
Magee,33,3,10,91,151,37
Noah,24,9,13,63,166,31
Steven,35,4,2,52,135,21
Hiram,39,10,5,56,184,32
Allen,18,5,15,45,168,23
Wesley,19,1,16,58,185,27
Leonard,14,2,13,50,155,24
Curran,27,8,2,69,142,38
Phillip,26,2,5,64,134,21
Amir,42,6,1,83,121,37
Fritz,23,12,7,91,192,21
Kelly,25,7,16,95,183,26
Julian,30,9,9,91,193,32
Ralph,29,12,13,70,188,36
Carl,36,4,1,82,135,30
Logan,23,8,1,40,121,33
Ethan,42,7,6,57,190,34
Reed,36,11,12,86,186,25
Blaze,44,9,11,61,126,30
Bert,25,12,15,47,174,39
Ivan,12,11,9,52,125,33
Holmes,37,1,13,62,125,22
Cruz,32,12,3,79,167,26
Ray,40,6,2,59,195,30
Hyatt,26,11,11,74,122,36
Marshall,25,5,11,82,180,26
Perry,28,3,5,69,170,27
Malcolm,24,7,1,51,147,30
Colin,25,9,8,84,173,22
Matthew,23,8,9,46,141,22
Lee,18,11,10,60,171,32
Kibo,42,10,2,63,149,29
Randall,37,6,12,79,144,28
Amos,36,5,2,44,156,31
Dylan,45,2,10,57,120,21
Ezekiel,20,8,6,87,182,21
Nathaniel,21,10,1,82,153,40
Orson,36,6,16,64,132,31
Uriah,13,9,16,86,171,22
Marsden,35,1,1,88,131,32
Kamal,45,7,15,54,136,20
Laith,43,5,16,60,165,37
Marvin,27,2,13,93,151,28
Vladimir,40,12,11,66,130,40
Dean,23,3,6,44,146,30
Wallace,13,10,2,92,161,31
Cyrus,15,11,7,73,131,25
Gage,21,6,4,75,167,22
Stone,14,9,1,52,152,23
Evan,21,11,5,86,157,32
Russell,26,4,11,63,123,40
Davis,26,8,1,61,168,31
Hilel,27,8,4,84,176,40
Tad,23,6,11,86,181,39
Barry,31,9,10,53,136,37
Ulysses,39,9,7,67,124,40
Judah,19,12,13,85,172,39
Jackson,13,12,16,67,163,33
Stone,45,5,3,64,163,40
Damon,13,8,12,81,177,22
Alvin,37,4,1,74,171,29
Nero,28,3,11,53,175,30
Harding,42,12,6,81,189,27
Xenos,42,7,16,48,161,24
Chaney,34,3,15,85,174,40
Gareth,26,11,14,46,195,34
Ferdinand,16,3,5,52,192,38
Warren,12,9,14,61,172,23
Slade,16,3,5,79,170,34
Conan,41,12,6,77,148,39
Barrett,31,9,2,91,176,29
Linus,25,8,2,41,152,36
Yoshio,34,7,12,93,140,35
Cadman,33,11,3,46,141,28